"Reg Saúde (CIR)/Municíp Res";"Semana 01";"Semana 02";"Semana 03";"Semana 04";"Semana 05";"Semana 06";"Semana 07";"Semana 08";"Semana 09";"Semana 10";"Semana 11";"Semana 12";"Semana 13";"Semana 14";"Semana 15";"Semana 16";"Semana 17";"Semana 18";"Semana 19";"Semana 20";"Semana 21";"Semana 22";"Semana 23";"Semana 24";"Semana 25";"Semana 26";"Semana 27";"Semana 28";"Semana 29";"Semana 30";"Semana 31";"Semana 32";"Semana 33";"Semana 34";"Semana 35";"Semana 36";"Semana 37";"Semana 38";"Semana 39";"Semana 40";"Semana 41";"Semana 42";"Semana 43";"Total"
"31001 Alfenas/Machado";-;-;-;-;1;-;2;-;3;4;3;2;2;2;-;-;3;2;1;1;2;2;-;1;-;-;1;1;-;-;-;-;-;1;-;-;1;-;-;-;-;-;-;35
".....  AREADO";-;-;-;-;-;-;-;-;-;1;1;-;-;-;-;-;-;-;-;-;-;-;-;-;-;-;-;-;-;-;-;-;-;-;-;-;-;-;-;-;-;-;-;2
".....  CONCEICAO DA APARECIDA";-;-;-;-;-;-;-;-;-;-;-;-;-;-;-;-;-;-;-;-;-;-;-;-;-;-;-;-;-;-;-;-;-;1;-;-;-;-;-;-;-;-;-;1
".....  MACHADO";-;-;-;-;-;-;-;-;-;1;-;-;-;1;-;-;-;-;-;-;-;1;-;-;-;-;-;-;-;-;-;-;-;-;-;-;-;-;-;-;-;-;-;3
".....  CAMPESTRE";-;-;-;-;-;-;1;-;-;-;-;-;-;-;-;-;-;-;-;-;-;-;-;-;-;-;-;-;-;-;-;-;-;-;-;-;-;-;-;-;-;-;-;1
".....  CARVALHOPOLIS";-;-;-;-;-;-;-;-;-;-;-;-;-;-;-;-;-;-;-;1;-;-;-;-;-;-;-;-;-;-;-;-;-;-;-;-;-;-;-;-;-;-;-;1
".....  POCO FUNDO";-;-;-;-;-;-;-;-;1;-;-;-;-;-;-;-;-;-;-;-;-;-;-;-;-;-;1;-;-;-;-;-;-;-;-;-;-;-;-;-;-;-;-;2
".....  ALTEROSA";-;-;-;-;1;-;-;-;-;1;-;1;1;-;-;-;-;-;-;-;-;-;-;-;-;-;-;-;-;-;-;-;-;-;-;-;-;-;-;-;-;-;-;4
".....  ALFENAS";-;-;-;-;-;-;-;-;1;1;2;1;1;-;-;-;2;-;1;-;-;-;-;-;-;-;-;-;-;-;-;-;-;-;-;-;1;-;-;-;-;-;-;10
".....  PARAGUACU";-;-;-;-;-;-;-;-;-;-;-;-;-;1;-;-;1;-;-;-;1;-;-;1;-;-;-;1;-;-;-;-;-;-;-;-;-;-;-;-;-;-;-;5
".....  BOTELHOS";-;-;-;-;-;-;1;-;-;-;-;-;-;-;-;-;-;2;-;-;-;1;-;-;-;-;-;-;-;-;-;-;-;-;-;-;-;-;-;-;-;-;-;4
".....  CAMPOS GERAIS";-;-;-;-;-;-;-;-;-;-;-;-;-;-;-;-;-;-;-;-;1;-;-;-;-;-;-;-;-;-;-;-;-;-;-;-;-;-;-;-;-;-;-;1
".....  CAMPO DO MEIO";-;-;-;-;-;-;-;-;1;-;-;-;-;-;-;-;-;-;-;-;-;-;-;-;-;-;-;-;-;-;-;-;-;-;-;-;-;-;-;-;-;-;-;1
"31002 Guaxupé";-;-;2;2;-;1;1;-;2;2;1;1;-;1;1;1;2;1;-;-;-;-;1;1;-;-;-;-;-;-;-;-;-;-;-;-;-;1;-;-;-;-;-;21
".....  MUZAMBINHO";-;-;-;-;-;-;-;-;-;-;-;-;-;-;-;-;-;-;-;-;-;-;-;-;-;-;-;-;-;-;-;-;-;-;-;-;-;1;-;-;-;-;-;1
".....  MONTE BELO";-;-;-;2;-;1;-;-;1;-;-;-;-;-;-;-;-;-;-;-;-;-;-;-;-;-;-;-;-;-;-;-;-;-;-;-;-;-;-;-;-;-;-;4
".....  GUARANESIA";-;-;-;-;-;-;-;-;-;2;1;-;-;-;-;-;-;-;-;-;-;-;-;-;-;-;-;-;-;-;-;-;-;-;-;-;-;-;-;-;-;-;-;3
".....  GUAXUPE";-;-;-;-;-;-;-;-;-;-;-;-;-;1;-;1;-;1;-;-;-;-;-;1;-;-;-;-;-;-;-;-;-;-;-;-;-;-;-;-;-;-;-;4
".....  JURUAIA";-;-;-;-;-;-;-;-;-;-;-;-;-;-;1;-;-;-;-;-;-;-;-;-;-;-;-;-;-;-;-;-;-;-;-;-;-;-;-;-;-;-;-;1
".....  ARCEBURGO";-;-;2;-;-;-;1;-;-;-;-;-;-;-;-;-;2;-;-;-;-;-;1;-;-;-;-;-;-;-;-;-;-;-;-;-;-;-;-;-;-;-;-;6
".....  CABO VERDE";-;-;-;-;-;-;-;-;1;-;-;1;-;-;-;-;-;-;-;-;-;-;-;-;-;-;-;-;-;-;-;-;-;-;-;-;-;-;-;-;-;-;-;2
"31003 Itajubá";2;2;2;1;-;-;-;-;-;-;4;3;1;6;7;4;6;2;1;1;1;2;2;-;1;-;1;-;-;-;-;1;-;1;2;-;-;-;1;-;-;-;-;54
".....  MARIA DA FE";-;-;-;-;-;-;-;-;-;-;-;-;-;-;1;-;-;-;-;-;-;-;-;-;-;-;-;-;-;-;-;-;-;-;-;-;-;-;-;-;-;-;-;1
".....  PARAISOPOLIS";-;-;1;-;-;-;-;-;-;-;-;-;-;-;-;-;-;-;-;-;-;-;-;-;-;-;-;-;-;-;-;-;-;-;-;-;-;-;-;-;-;-;-;1
".....  PIRANGUINHO";-;-;-;-;-;-;-;-;-;-;-;-;-;-;-;-;-;-;-;1;1;1;-;-;-;-;-;-;-;-;-;-;-;-;-;-;-;-;-;-;-;-;-;3
".....  CONSOLACAO";-;-;-;-;-;-;-;-;-;-;2;-;-;-;-;-;-;-;-;-;-;-;-;-;-;-;-;-;-;-;-;-;-;-;-;-;-;-;-;-;-;-;-;2
".....  BRAZOPOLIS";-;-;-;-;-;-;-;-;-;-;-;-;-;-;-;-;-;-;-;-;-;-;-;-;-;-;-;-;-;-;-;-;-;-;1;-;-;-;-;-;-;-;-;1
".....  SAO JOSE DO ALEGRE";-;-;-;-;-;-;-;-;-;-;-;1;-;-;-;-;-;-;-;-;-;-;-;-;-;-;-;-;-;-;-;-;-;-;-;-;-;-;-;-;-;-;-;1
".....  PIRANGUCU";-;-;-;-;-;-;-;-;-;-;-;-;-;-;-;-;-;-;1;-;-;-;-;-;-;-;-;-;-;-;-;-;-;-;-;-;-;-;-;-;-;-;-;1
".....  ITAJUBA";2;2;1;1;-;-;-;-;-;-;2;2;1;5;6;4;6;2;-;-;-;1;2;-;1;-;1;-;-;-;-;1;-;1;1;-;-;-;1;-;-;-;-;43
".....  SAPUCAI-MIRIM";-;-;-;-;-;-;-;-;-;-;-;-;-;1;-;-;-;-;-;-;-;-;-;-;-;-;-;-;-;-;-;-;-;-;-;-;-;-;-;-;-;-;-;1
"31004 Lavras";-;1;-;-;-;1;1;-;-;2;3;2;1;-;-;3;-;2;5;1;1;-;3;1;1;-;2;-;-;-;-;-;1;-;1;-;-;-;-;-;1;-;-;33
".....  PERDOES";-;-;-;-;-;1;-;-;-;-;-;-;1;-;-;2;-;1;4;-;-;-;3;1;1;-;2;-;-;-;-;-;-;-;1;-;-;-;-;-;1;-;-;18
".....  LAVRAS";-;1;-;-;-;-;1;-;-;-;2;1;-;-;-;1;-;1;1;1;1;-;-;-;-;-;-;-;-;-;-;-;1;-;-;-;-;-;-;-;-;-;-;11
".....  LUMINARIAS";-;-;-;-;-;-;-;-;-;2;1;-;-;-;-;-;-;-;-;-;-;-;-;-;-;-;-;-;-;-;-;-;-;-;-;-;-;-;-;-;-;-;-;3
".....  NEPOMUCENO";-;-;-;-;-;-;-;-;-;-;-;1;-;-;-;-;-;-;-;-;-;-;-;-;-;-;-;-;-;-;-;-;-;-;-;-;-;-;-;-;-;-;-;1
"31006 Poços de Caldas";-;4;2;4;1;9;18;18;32;30;20;-;-;-;-;-;-;-;-;-;1;-;-;1;-;-;-;-;1;-;-;-;-;-;-;-;-;-;-;-;-;-;-;141
".....  ANDRADAS";-;-;-;-;-;-;-;-;-;-;-;-;-;-;-;-;-;-;-;-;-;-;-;1;-;-;-;-;-;-;-;-;-;-;-;-;-;-;-;-;-;-;-;1
".....  POCOS DE CALDAS";-;4;2;4;1;9;18;18;32;29;20;-;-;-;-;-;-;-;-;-;1;-;-;-;-;-;-;-;1;-;-;-;-;-;-;-;-;-;-;-;-;-;-;139
".....  CALDAS";-;-;-;-;-;-;-;-;-;1;-;-;-;-;-;-;-;-;-;-;-;-;-;-;-;-;-;-;-;-;-;-;-;-;-;-;-;-;-;-;-;-;-;1
"31007 Pouso Alegre";1;3;1;-;5;9;-;5;9;15;3;7;3;7;9;9;9;6;4;4;3;2;3;-;3;5;1;-;-;-;-;-;-;-;-;3;-;2;-;-;-;1;-;132
".....  INCONFIDENTES";-;-;-;-;1;-;-;-;-;-;-;-;-;-;-;-;-;-;-;-;-;-;-;-;-;-;-;-;-;-;-;-;-;-;-;-;-;-;-;-;-;-;-;1
".....  ESTIVA";-;-;-;-;-;-;-;-;-;-;-;-;-;-;-;-;-;-;-;-;1;-;-;-;-;1;-;-;-;-;-;-;-;-;-;-;-;-;-;-;-;-;-;2
".....  BUENO BRANDAO";-;-;-;-;-;-;-;-;-;-;-;-;1;-;-;-;-;-;-;-;-;-;-;-;-;-;-;-;-;-;-;-;-;-;-;-;-;-;-;-;-;-;-;1
".....  SILVIANOPOLIS";-;-;-;-;-;-;-;-;1;-;-;-;-;-;-;-;-;-;-;-;-;-;-;-;-;-;-;-;-;-;-;-;-;-;-;-;-;-;-;-;-;-;-;1
".....  SANTA RITA DO SAPUCAI";-;1;1;-;2;1;-;1;-;1;2;1;-;2;5;5;3;3;3;2;1;-;-;-;-;1;1;-;-;-;-;-;-;-;-;-;-;1;-;-;-;-;-;37
".....  TOLEDO";-;-;-;-;-;-;-;-;-;-;-;-;-;-;-;-;-;-;-;-;-;-;1;-;-;-;-;-;-;-;-;-;-;-;-;-;-;-;-;-;-;-;-;1
".....  CACHOEIRA DE MINAS";-;-;-;-;-;-;-;-;-;-;-;1;-;-;-;-;-;-;-;-;-;-;-;-;-;-;-;-;-;-;-;-;-;-;-;-;-;1;-;-;-;-;-;2
".....  SAO SEBASTIAO DA BELA VISTA";-;-;-;-;-;-;-;-;-;-;-;-;-;-;-;-;-;-;-;-;1;-;-;-;-;-;-;-;-;-;-;-;-;-;-;-;-;-;-;-;-;-;-;1
".....  ESPIRITO SANTO DO DOURADO";-;-;-;-;-;-;-;-;-;-;-;-;-;-;-;-;-;-;-;-;-;1;-;-;-;-;-;-;-;-;-;-;-;-;-;-;-;-;-;-;-;-;-;1
".....  CAREACU";-;-;-;-;-;-;-;-;-;-;-;-;-;1;-;-;-;-;-;-;-;-;-;-;-;-;-;-;-;-;-;-;-;-;-;-;-;-;-;-;-;-;-;1
".....  CONGONHAL";1;1;-;-;-;-;-;-;-;-;-;-;-;-;-;-;-;-;-;-;-;-;-;-;-;-;-;-;-;-;-;-;-;-;-;-;-;-;-;-;-;-;-;2
".....  EXTREMA";-;-;-;-;-;-;-;-;-;-;-;-;-;-;-;-;-;-;-;-;-;-;-;-;-;-;-;-;-;-;-;-;-;-;-;-;-;-;-;-;-;1;-;1
".....  CONCEICAO DOS OUROS";-;-;-;-;1;2;-;2;8;6;-;1;2;-;-;-;-;-;-;-;-;-;-;-;-;1;-;-;-;-;-;-;-;-;-;1;-;-;-;-;-;-;-;24
".....  POUSO ALEGRE";-;1;-;-;1;6;-;-;-;8;1;4;-;3;4;3;5;2;-;-;-;-;-;-;2;2;-;-;-;-;-;-;-;-;-;1;-;-;-;-;-;-;-;43
".....  BOM REPOUSO";-;-;-;-;-;-;-;-;-;-;-;-;-;1;-;-;-;-;1;-;-;-;-;-;-;-;-;-;-;-;-;-;-;-;-;-;-;-;-;-;-;-;-;2
".....  BORDA DA MATA";-;-;-;-;-;-;-;1;-;-;-;-;-;-;-;-;-;-;-;-;-;-;-;-;-;-;-;-;-;-;-;-;-;-;-;-;-;-;-;-;-;-;-;1
".....  CAMBUI";-;-;-;-;-;-;-;1;-;-;-;-;-;-;-;1;-;-;-;2;-;-;-;-;-;-;-;-;-;-;-;-;-;-;-;-;-;-;-;-;-;-;-;4
".....  MONTE SIAO";-;-;-;-;-;-;-;-;-;-;-;-;-;-;-;-;-;-;-;-;-;-;2;-;-;-;-;-;-;-;-;-;-;-;-;-;-;-;-;-;-;-;-;2
".....  TURVOLANDIA";-;-;-;-;-;-;-;-;-;-;-;-;-;-;-;-;1;-;-;-;-;-;-;-;-;-;-;-;-;-;-;-;-;-;-;-;-;-;-;-;-;-;-;1
".....  TOCOS DO MOJI";-;-;-;-;-;-;-;-;-;-;-;-;-;-;-;-;-;1;-;-;-;-;-;-;-;-;-;-;-;-;-;-;-;-;-;-;-;-;-;-;-;-;-;1
".....  ITAPEVA";-;-;-;-;-;-;-;-;-;-;-;-;-;-;-;-;-;-;-;-;-;1;-;-;1;-;-;-;-;-;-;-;-;-;-;1;-;-;-;-;-;-;-;3
"31008 São Lourenço";-;2;-;-;2;6;4;2;5;1;-;4;2;2;8;3;2;-;3;2;3;1;1;-;-;1;2;-;-;-;-;-;-;-;-;-;-;-;-;-;1;-;-;57
".....  VIRGINIA";-;-;-;-;-;-;-;-;-;-;-;1;-;-;-;-;-;-;-;-;-;-;-;-;-;-;-;-;-;-;-;-;-;-;-;-;-;-;-;-;1;-;-;2
".....  AIURUOCA";-;-;-;-;-;1;-;-;-;-;-;-;-;-;-;-;-;-;-;-;-;-;-;-;-;-;-;-;-;-;-;-;-;-;-;-;-;-;-;-;-;-;-;1
".....  CRISTINA";-;-;-;-;1;-;-;-;-;-;-;-;-;-;-;-;-;-;-;-;-;-;-;-;-;-;-;-;-;-;-;-;-;-;-;-;-;-;-;-;-;-;-;1
".....  CARMO DE MINAS";-;-;-;-;-;-;-;-;-;-;-;-;-;-;-;-;-;-;1;-;-;-;-;-;-;-;-;-;-;-;-;-;-;-;-;-;-;-;-;-;-;-;-;1
".....  LAMBARI";-;-;-;-;-;-;-;-;1;-;-;-;-;2;-;-;-;-;-;-;-;-;-;-;-;-;-;-;-;-;-;-;-;-;-;-;-;-;-;-;-;-;-;3
".....  SOLEDADE DE MINAS";-;-;-;-;-;-;-;-;-;-;-;-;-;-;-;-;-;-;-;-;1;-;-;-;-;-;-;-;-;-;-;-;-;-;-;-;-;-;-;-;-;-;-;1
".....  CAXAMBU";-;-;-;-;1;-;1;1;2;1;-;1;-;-;1;-;-;-;-;-;-;-;-;-;-;-;2;-;-;-;-;-;-;-;-;-;-;-;-;-;-;-;-;10
".....  ITAMONTE";-;-;-;-;-;1;-;-;-;-;-;-;-;-;3;1;1;-;1;-;-;-;1;-;-;-;-;-;-;-;-;-;-;-;-;-;-;-;-;-;-;-;-;8
".....  CONCEICAO DO RIO VERDE";-;1;-;-;-;-;-;-;1;-;-;-;-;-;-;-;-;-;-;-;-;-;-;-;-;-;-;-;-;-;-;-;-;-;-;-;-;-;-;-;-;-;-;2
".....  ALAGOA";-;1;-;-;-;-;-;1;-;-;-;-;-;-;-;-;-;-;-;-;-;-;-;-;-;-;-;-;-;-;-;-;-;-;-;-;-;-;-;-;-;-;-;2
".....  PASSA QUATRO";-;-;-;-;-;-;-;-;-;-;-;-;-;-;-;-;-;-;-;-;-;-;-;-;-;1;-;-;-;-;-;-;-;-;-;-;-;-;-;-;-;-;-;1
".....  BAEPENDI";-;-;-;-;-;-;-;-;-;-;-;-;-;-;2;-;1;-;-;1;-;-;-;-;-;-;-;-;-;-;-;-;-;-;-;-;-;-;-;-;-;-;-;4
".....  MINDURI";-;-;-;-;-;-;-;-;-;-;-;-;1;-;-;-;-;-;-;-;-;-;-;-;-;-;-;-;-;-;-;-;-;-;-;-;-;-;-;-;-;-;-;1
".....  ITANHANDU";-;-;-;-;-;-;-;-;-;-;-;-;1;-;-;-;-;-;-;1;-;-;-;-;-;-;-;-;-;-;-;-;-;-;-;-;-;-;-;-;-;-;-;2
".....  SAO LOURENCO";-;-;-;-;-;1;1;-;-;-;-;-;-;-;-;2;-;-;-;-;-;-;-;-;-;-;-;-;-;-;-;-;-;-;-;-;-;-;-;-;-;-;-;4
".....  CRUZILIA";-;-;-;-;-;3;2;-;1;-;-;2;-;-;2;-;-;-;1;-;2;1;-;-;-;-;-;-;-;-;-;-;-;-;-;-;-;-;-;-;-;-;-;14
"31009 São Sebastião do Paraíso";-;2;-;-;1;-;3;1;3;-;1;3;4;6;4;4;4;5;5;3;2;1;3;-;-;1;-;-;-;-;-;-;-;-;-;-;-;-;1;-;-;-;-;57
".....  SAO TOMAS DE AQUINO";-;-;-;-;-;-;-;-;-;-;-;-;-;1;-;-;-;1;2;-;-;-;-;-;-;-;-;-;-;-;-;-;-;-;-;-;-;-;-;-;-;-;-;4
".....  ITAMOGI";-;-;-;-;-;-;-;-;-;-;-;-;-;1;3;-;-;-;1;-;-;-;-;-;-;-;-;-;-;-;-;-;-;-;-;-;-;-;-;-;-;-;-;5
".....  MONTE SANTO DE MINAS";-;1;-;-;-;-;-;-;-;-;-;1;-;1;-;2;1;1;-;-;-;-;1;-;-;-;-;-;-;-;-;-;-;-;-;-;-;-;-;-;-;-;-;8
".....  SAO SEBASTIAO DO PARAISO";-;1;-;-;1;-;3;1;3;-;1;2;4;3;1;2;3;3;2;3;2;1;2;-;-;1;-;-;-;-;-;-;-;-;-;-;-;-;1;-;-;-;-;40
"31010 Três Corações";-;-;-;-;-;-;-;-;-;-;-;1;-;-;-;-;-;-;-;-;-;-;-;-;-;-;1;-;-;-;-;-;-;-;-;-;-;-;-;-;-;-;-;2
".....  SAO THOME DAS LETRAS";-;-;-;-;-;-;-;-;-;-;-;-;-;-;-;-;-;-;-;-;-;-;-;-;-;-;1;-;-;-;-;-;-;-;-;-;-;-;-;-;-;-;-;1
".....  TRES CORACOES";-;-;-;-;-;-;-;-;-;-;-;1;-;-;-;-;-;-;-;-;-;-;-;-;-;-;-;-;-;-;-;-;-;-;-;-;-;-;-;-;-;-;-;1
"31011 Três Pontas";-;-;-;-;2;-;-;-;1;-;-;3;1;1;2;2;3;3;1;1;-;6;1;1;-;-;-;-;-;-;-;-;-;-;-;-;-;-;-;-;-;-;-;28
".....  BOA ESPERANCA";-;-;-;-;1;-;-;-;-;-;-;1;-;1;-;2;1;2;-;1;-;2;1;1;-;-;-;-;-;-;-;-;-;-;-;-;-;-;-;-;-;-;-;13
".....  TRES PONTAS";-;-;-;-;-;-;-;-;1;-;-;-;-;-;-;-;-;-;-;-;-;3;-;-;-;-;-;-;-;-;-;-;-;-;-;-;-;-;-;-;-;-;-;4
".....  ILICINEA";-;-;-;-;-;-;-;-;-;-;-;1;1;-;-;-;1;-;-;-;-;-;-;-;-;-;-;-;-;-;-;-;-;-;-;-;-;-;-;-;-;-;-;3
".....  SANTANA DA VARGEM";-;-;-;-;1;-;-;-;-;-;-;-;-;-;1;-;-;-;-;-;-;-;-;-;-;-;-;-;-;-;-;-;-;-;-;-;-;-;-;-;-;-;-;2
".....  COQUEIRAL";-;-;-;-;-;-;-;-;-;-;-;1;-;-;1;-;1;1;1;-;-;1;-;-;-;-;-;-;-;-;-;-;-;-;-;-;-;-;-;-;-;-;-;6
"31012 Varginha";-;-;-;3;5;1;2;8;7;11;9;5;8;2;2;2;2;2;-;4;-;2;-;-;-;-;-;1;1;-;-;-;1;-;-;-;-;-;-;-;-;-;-;78
".....  MONSENHOR PAULO";-;-;-;-;-;-;-;-;1;-;-;-;-;-;-;1;-;-;-;-;-;-;-;-;-;-;-;-;-;-;-;-;-;-;-;-;-;-;-;-;-;-;-;2
".....  SAO GONCALO DO SAPUCAI";-;-;-;-;-;1;-;-;-;-;-;-;-;-;-;-;-;-;-;-;-;-;-;-;-;-;-;-;-;-;-;-;-;-;-;-;-;-;-;-;-;-;-;1
".....  VARGINHA";-;-;-;3;5;-;2;8;6;11;8;5;7;1;2;-;2;2;-;3;-;2;-;-;-;-;-;1;1;-;-;-;1;-;-;-;-;-;-;-;-;-;-;70
".....  ELOI MENDES";-;-;-;-;-;-;-;-;-;-;1;-;-;-;-;-;-;-;-;1;-;-;-;-;-;-;-;-;-;-;-;-;-;-;-;-;-;-;-;-;-;-;-;2
".....  CAMPANHA";-;-;-;-;-;-;-;-;-;-;-;-;1;1;-;1;-;-;-;-;-;-;-;-;-;-;-;-;-;-;-;-;-;-;-;-;-;-;-;-;-;-;-;3
"31013 Barbacena";-;-;-;1;1;2;1;2;3;2;1;8;1;4;1;3;1;3;1;6;3;-;2;2;1;-;-;1;1;-;-;-;-;-;1;-;1;1;-;-;-;-;-;54
".....  RESSAQUINHA";-;-;-;-;-;-;-;-;-;-;-;-;-;-;-;-;1;-;-;-;-;-;-;1;-;-;-;-;-;-;-;-;-;-;-;-;-;-;-;-;-;-;-;2
".....  ANTONIO CARLOS";-;-;-;-;-;-;-;-;-;-;-;-;-;-;-;-;-;-;1;-;-;-;-;-;-;-;-;-;-;-;-;-;-;-;-;-;-;-;-;-;-;-;-;1
".....  PAIVA";-;-;-;-;-;-;-;-;-;-;-;6;-;-;1;-;-;-;-;-;-;-;-;-;-;-;-;-;-;-;-;-;-;-;-;-;-;1;-;-;-;-;-;8
".....  SANTA BARBARA DO TUGURIO";-;-;-;-;-;-;-;-;-;-;-;-;1;-;-;-;-;-;-;-;-;-;-;-;-;-;-;-;-;-;-;-;-;-;-;-;-;-;-;-;-;-;-;1
".....  IBERTIOGA";-;-;-;-;-;-;-;-;-;-;-;-;-;1;-;1;-;-;-;-;-;-;-;-;-;-;-;-;-;-;-;-;-;-;-;-;-;-;-;-;-;-;-;2
".....  BARBACENA";-;-;-;1;-;1;1;1;2;1;-;1;-;-;-;-;-;2;-;1;1;-;1;1;-;-;-;1;-;-;-;-;-;-;1;-;1;-;-;-;-;-;-;17
".....  SENHORA DOS REMEDIOS";-;-;-;-;1;-;-;1;-;-;-;-;-;-;-;-;-;-;-;-;1;-;-;-;-;-;-;-;-;-;-;-;-;-;-;-;-;-;-;-;-;-;-;3
".....  CAPELA NOVA";-;-;-;-;-;-;-;-;1;-;-;-;-;-;-;-;-;-;-;-;-;-;-;-;-;-;-;-;-;-;-;-;-;-;-;-;-;-;-;-;-;-;-;1
".....  SANTA RITA DE IBITIPOCA";-;-;-;-;-;-;-;-;-;-;-;-;-;1;-;-;-;-;-;3;-;-;-;-;-;-;-;-;-;-;-;-;-;-;-;-;-;-;-;-;-;-;-;4
".....  CARANDAI";-;-;-;-;-;1;-;-;-;1;-;1;-;2;-;2;-;1;-;2;1;-;1;-;-;-;-;-;1;-;-;-;-;-;-;-;-;-;-;-;-;-;-;13
".....  ALFREDO VASCONCELOS";-;-;-;-;-;-;-;-;-;-;1;-;-;-;-;-;-;-;-;-;-;-;-;-;1;-;-;-;-;-;-;-;-;-;-;-;-;-;-;-;-;-;-;2
"31015 São João Del Rei";-;-;4;13;10;3;12;38;39;24;22;15;9;9;3;6;15;3;1;8;1;-;1;-;-;-;-;-;1;-;-;1;2;-;-;-;-;-;-;-;-;1;-;241
".....  DORES DE CAMPOS";-;-;-;-;-;-;-;-;-;1;-;-;-;-;-;-;1;-;-;-;-;-;-;-;-;-;-;-;-;-;-;-;-;-;-;-;-;-;-;-;-;-;-;2
".....  MADRE DE DEUS DE MINAS";-;-;-;1;-;-;-;-;1;-;-;-;-;-;-;-;-;-;-;-;1;-;-;-;-;-;-;-;-;-;-;-;-;-;-;-;-;-;-;-;-;-;-;3
".....  SAO JOAO DEL REI";-;-;2;3;4;2;3;3;9;3;10;6;4;4;1;2;5;2;1;1;-;-;1;-;-;-;-;-;-;-;-;-;-;-;-;-;-;-;-;-;-;-;-;66
".....  SAO TIAGO";-;-;-;1;-;-;-;-;-;-;-;-;-;-;-;-;-;-;-;-;-;-;-;-;-;-;-;-;-;-;-;1;-;-;-;-;-;-;-;-;-;-;-;2
".....  TIRADENTES";-;-;-;-;-;-;-;1;-;1;-;-;1;1;-;-;1;-;-;1;-;-;-;-;-;-;-;-;-;-;-;-;-;-;-;-;-;-;-;-;-;-;-;6
".....  BARROSO";-;-;-;-;1;-;2;3;2;2;1;-;2;2;-;-;-;-;-;-;-;-;-;-;-;-;-;-;1;-;-;-;-;-;-;-;-;-;-;-;-;-;-;16
".....  LAGOA DOURADA";-;-;-;-;-;-;1;-;-;-;1;1;-;-;-;-;-;-;-;6;-;-;-;-;-;-;-;-;-;-;-;-;-;-;-;-;-;-;-;-;-;-;-;9
".....  SANTA CRUZ DE MINAS";-;-;-;-;-;-;2;1;1;1;-;-;-;-;1;-;-;-;-;-;-;-;-;-;-;-;-;-;-;-;-;-;1;-;-;-;-;-;-;-;-;-;-;7
".....  CORONEL XAVIER CHAVES";-;-;2;6;2;-;2;2;-;-;-;-;-;-;1;-;-;-;-;-;-;-;-;-;-;-;-;-;-;-;-;-;-;-;-;-;-;-;-;-;-;-;-;15
".....  RESENDE COSTA";-;-;-;-;1;-;-;-;-;1;1;-;1;-;-;-;-;1;-;-;-;-;-;-;-;-;-;-;-;-;-;-;-;-;-;-;-;-;-;-;-;-;-;5
".....  PRADOS";-;-;-;1;2;-;1;-;-;-;-;-;-;-;-;1;8;-;-;-;-;-;-;-;-;-;-;-;-;-;-;-;-;-;-;-;-;-;-;-;-;1;-;14
".....  NAZARENO";-;-;-;1;-;1;-;-;-;-;-;-;-;-;-;-;-;-;-;-;-;-;-;-;-;-;-;-;-;-;-;-;-;-;-;-;-;-;-;-;-;-;-;2
".....  SAO VICENTE DE MINAS";-;-;-;-;-;-;-;-;-;-;1;-;-;-;-;-;-;-;-;-;-;-;-;-;-;-;-;-;-;-;-;-;-;-;-;-;-;-;-;-;-;-;-;1
".....  IBITURUNA";-;-;-;-;-;-;1;-;-;-;2;1;-;-;-;-;-;-;-;-;-;-;-;-;-;-;-;-;-;-;-;-;-;-;-;-;-;-;-;-;-;-;-;4
".....  BOM SUCESSO";-;-;-;-;-;-;-;-;-;-;1;-;-;1;-;-;-;-;-;-;-;-;-;-;-;-;-;-;-;-;-;-;1;-;-;-;-;-;-;-;-;-;-;3
".....  PIEDADE DO RIO GRANDE";-;-;-;-;-;-;-;28;26;15;5;7;1;1;-;3;-;-;-;-;-;-;-;-;-;-;-;-;-;-;-;-;-;-;-;-;-;-;-;-;-;-;-;86
"31016 Belo Horizonte/Nova Lima/Santa Luzia";148;228;422;859;987;1316;1333;1722;1397;1157;1349;1342;1060;1084;978;1091;946;892;618;742;602;437;338;1079;199;150;160;119;80;63;189;101;42;46;61;40;35;35;30;31;13;19;-;23540
".....  RAPOSOS";-;1;-;1;-;-;1;-;1;1;-;-;1;-;-;2;-;-;-;-;-;-;3;-;-;-;-;-;-;-;-;-;-;-;-;-;-;-;-;-;-;-;-;11
".....  RIBEIRAO DAS NEVES";11;26;45;152;85;83;97;183;160;120;111;115;91;107;102;103;79;93;41;131;41;105;60;866;21;40;15;18;4;5;8;5;3;14;6;2;4;4;5;14;5;13;-;3193
".....  MOEDA";-;-;1;1;-;-;-;4;1;-;-;-;-;-;-;-;-;-;-;-;-;-;-;-;-;-;-;-;-;-;-;-;-;-;-;-;-;-;-;-;-;-;-;7
".....  SABARA";12;14;17;5;24;9;14;17;16;19;83;49;29;23;20;51;32;14;11;2;4;1;3;4;5;7;8;8;3;6;5;8;2;-;1;2;2;1;2;1;-;-;-;534
".....  BELO HORIZONTE";101;157;298;589;617;793;689;934;879;702;794;741;611;619;556;641;625;610;471;498;473;266;195;149;130;70;98;74;54;36;164;82;28;28;47;29;19;21;17;10;6;6;-;13927
".....  TAQUARACU DE MINAS";-;-;-;-;-;-;-;-;-;-;1;-;-;1;-;-;-;-;-;-;-;-;-;-;-;-;-;-;-;1;-;-;-;-;-;-;-;-;-;-;-;-;-;3
".....  BELO VALE";-;1;1;-;-;-;-;-;2;3;1;-;1;2;2;1;-;1;-;1;1;-;1;-;-;-;1;1;-;-;-;-;-;-;-;1;1;-;1;-;-;-;-;23
".....  NOVA LIMA";1;1;1;9;10;9;15;7;10;5;21;13;14;22;23;13;8;6;5;4;-;2;-;11;2;-;-;4;1;-;-;-;-;1;-;-;1;-;-;3;-;-;-;222
".....  CAETE";2;7;19;32;173;336;415;487;227;201;203;301;215;220;217;156;125;107;35;25;30;21;8;10;10;6;4;1;2;-;-;2;-;-;1;1;3;1;1;1;1;-;-;3606
".....  NOVA UNIAO";-;-;-;-;-;-;1;-;-;-;1;-;-;-;3;-;-;-;-;-;-;-;-;-;1;1;-;-;-;1;-;-;-;-;-;-;-;-;-;-;-;-;-;8
".....  RIO ACIMA";-;-;4;2;2;-;2;-;-;-;-;-;-;1;-;-;-;-;-;-;-;-;1;-;1;-;-;-;-;-;-;-;-;-;-;-;-;-;-;-;-;-;-;13
".....  JABOTICATUBAS";3;2;8;19;13;14;12;23;28;7;18;9;7;13;13;11;14;9;11;14;11;13;10;1;5;-;1;-;2;2;-;-;1;-;1;1;1;2;-;-;-;-;-;299
".....  SANTA LUZIA";18;19;28;49;63;72;87;67;73;99;116;114;91;76;42;113;63;52;44;67;42;29;57;38;24;26;33;13;14;12;12;4;8;3;5;4;4;6;4;2;1;-;-;1694
"31017 Betim";10;36;71;128;84;129;102;205;207;198;202;275;171;224;230;262;256;212;258;187;186;101;45;35;40;28;42;23;23;17;19;13;10;7;3;4;2;6;3;6;3;2;-;4065
".....  RIO MANSO";-;-;-;-;-;-;-;-;-;-;-;-;-;1;3;-;-;-;-;-;-;1;-;-;-;-;-;-;-;-;-;-;-;-;-;-;-;-;-;-;-;-;-;5
".....  JUATUBA";-;1;2;10;12;5;3;1;3;3;4;1;1;-;-;-;1;4;1;-;2;-;1;2;-;1;1;1;-;-;1;-;-;-;-;-;-;1;-;-;-;-;-;62
".....  MATEUS LEME";2;9;4;4;2;1;2;2;2;-;1;2;-;-;-;-;-;-;1;1;-;-;-;1;-;-;-;-;-;-;-;-;-;-;-;-;-;-;-;-;-;-;-;34
".....  FLORESTAL";-;-;-;-;1;-;-;2;-;-;1;1;-;3;-;-;-;-;1;4;-;-;-;-;-;-;-;-;-;-;-;-;-;-;-;-;-;-;-;-;-;-;-;13
".....  CRUCILANDIA";-;-;-;-;-;-;-;-;-;-;-;-;-;-;1;2;-;-;-;-;1;-;-;-;-;-;-;-;-;-;-;-;-;-;-;-;-;-;-;-;-;-;-;4
".....  MARIO CAMPOS";-;-;1;2;2;-;-;4;2;-;1;-;1;1;-;1;-;2;2;5;3;-;-;4;1;1;2;-;-;-;-;1;-;-;-;-;-;-;-;-;-;-;-;36
".....  BETIM";3;21;61;101;62;114;92;190;193;183;186;253;156;208;221;248;237;193;220;144;166;85;29;22;24;16;33;19;19;10;9;8;8;6;3;1;2;3;2;2;-;2;-;3555
".....  BONFIM";-;-;-;1;-;-;2;1;-;3;1;-;2;2;-;-;-;-;-;-;-;-;-;-;-;-;-;-;-;-;-;-;-;-;-;-;-;-;-;-;-;-;-;12
".....  SAO JOAQUIM DE BICAS";-;2;-;-;-;-;-;1;-;1;1;2;1;-;1;-;-;-;10;13;5;5;3;1;-;-;1;-;1;-;-;-;1;1;-;-;-;-;-;-;-;-;-;50
".....  ESMERALDAS";-;1;1;8;2;4;2;3;3;5;3;9;6;6;1;6;5;3;5;5;4;4;6;2;6;1;2;-;1;3;-;-;-;-;-;1;-;-;-;1;-;-;-;109
".....  IGARAPE";2;1;1;1;1;2;1;-;-;-;1;2;2;1;1;5;10;8;17;12;5;4;4;2;5;9;2;3;2;4;9;2;-;-;-;1;-;1;1;2;2;-;-;126
".....  BRUMADINHO";3;1;1;-;2;3;-;1;4;3;3;5;2;2;2;-;3;2;1;3;-;2;2;1;4;-;1;-;-;-;-;2;1;-;-;1;-;1;-;1;1;-;-;58
".....  PIEDADE DOS GERAIS";-;-;-;1;-;-;-;-;-;-;-;-;-;-;-;-;-;-;-;-;-;-;-;-;-;-;-;-;-;-;-;-;-;-;-;-;-;-;-;-;-;-;-;1
"31018 Contagem";25;30;46;68;161;175;159;233;270;372;375;393;324;381;294;383;300;248;166;156;135;87;116;78;69;56;49;32;21;14;20;15;12;8;19;11;6;5;6;7;5;1;-;5331
".....  CONTAGEM";6;20;33;66;136;153;138;224;253;357;359;364;312;364;273;363;290;230;155;148;127;76;88;62;57;49;38;26;16;11;15;10;8;5;12;8;3;4;5;5;-;-;-;4869
".....  IBIRITE";3;9;7;1;22;21;19;7;13;10;10;19;9;10;18;9;8;11;7;2;6;2;13;6;6;3;8;3;3;2;1;-;4;3;1;1;1;-;-;1;-;-;-;279
".....  SARZEDO";16;1;6;1;3;1;2;2;4;5;6;10;3;7;3;11;2;7;4;6;2;9;15;10;6;4;3;3;2;1;4;5;-;-;6;2;2;1;1;1;5;1;-;183
"31019 Curvelo";6;13;22;36;71;94;85;151;118;106;115;66;49;47;31;32;29;24;22;26;22;20;22;14;14;6;5;3;6;6;7;3;1;1;1;3;-;2;-;-;-;-;-;1279
".....  TRES MARIAS";-;1;-;1;1;23;7;28;23;3;2;1;1;4;2;2;1;3;-;1;2;-;1;1;1;-;-;-;-;-;-;-;-;-;-;-;-;-;-;-;-;-;-;109
".....  SANTO HIPOLITO";4;11;15;24;56;50;52;65;44;17;23;9;4;7;5;-;-;-;-;-;-;-;-;-;-;-;-;-;-;-;-;-;-;-;-;-;-;-;-;-;-;-;-;386
".....  BUENOPOLIS";-;1;-;1;1;-;-;10;8;7;5;5;-;-;-;1;-;-;1;-;-;-;-;-;-;-;-;-;-;-;-;-;-;-;-;1;-;-;-;-;-;-;-;41
".....  AUGUSTO DE LIMA";-;-;-;1;2;-;3;-;-;2;6;5;9;5;1;-;1;-;-;-;-;-;-;-;-;-;-;-;-;-;-;-;-;-;-;-;-;-;-;-;-;-;-;35
".....  CORINTO";-;-;-;1;4;3;11;17;8;24;31;27;17;12;3;3;6;2;2;2;-;1;1;-;-;-;-;-;-;-;-;-;-;-;-;-;-;-;-;-;-;-;-;175
".....  FELIXLANDIA";-;-;-;3;3;12;6;13;27;36;30;13;13;14;9;22;18;19;17;22;20;17;19;13;13;5;5;3;6;6;6;1;1;-;-;1;-;1;-;-;-;-;-;394
".....  CURVELO";2;-;4;5;2;3;3;12;5;15;11;3;4;3;5;1;1;-;-;-;-;-;-;-;-;-;-;-;-;-;1;2;-;1;1;1;-;1;-;-;-;-;-;86
".....  PRESIDENTE JUSCELINO";-;-;1;-;-;1;1;2;2;-;1;-;-;1;2;-;1;-;1;1;-;2;1;-;-;1;-;-;-;-;-;-;-;-;-;-;-;-;-;-;-;-;-;18
".....  MONJOLOS";-;-;2;-;2;2;2;1;-;-;4;2;-;1;1;1;-;-;1;-;-;-;-;-;-;-;-;-;-;-;-;-;-;-;-;-;-;-;-;-;-;-;-;19
".....  INIMUTABA";-;-;-;-;-;-;-;3;-;1;-;-;-;-;-;2;1;-;-;-;-;-;-;-;-;-;-;-;-;-;-;-;-;-;-;-;-;-;-;-;-;-;-;7
".....  MORRO DA GARCA";-;-;-;-;-;-;-;-;1;1;2;1;1;-;3;-;-;-;-;-;-;-;-;-;-;-;-;-;-;-;-;-;-;-;-;-;-;-;-;-;-;-;-;9
"31020 Guanhães";2;2;5;7;14;2;13;16;16;19;30;18;9;11;8;2;2;2;3;-;2;1;1;-;-;-;-;-;1;-;2;2;3;-;1;-;-;-;-;-;-;-;-;194
".....  VIRGINOPOLIS";-;-;3;-;1;1;1;1;4;6;2;2;3;-;1;-;-;-;-;-;-;-;-;-;-;-;-;-;-;-;1;-;-;-;-;-;-;-;-;-;-;-;-;26
".....  SENHORA DO PORTO";-;-;-;-;-;-;1;1;1;-;-;-;-;2;-;-;-;-;-;-;-;-;-;-;-;-;-;-;-;-;-;-;-;-;-;-;-;-;-;-;-;-;-;5
".....  DORES DE GUANHAES";1;2;-;2;8;1;7;10;3;3;-;2;1;-;-;1;-;-;-;-;1;-;-;-;-;-;-;-;-;-;-;-;1;-;-;-;-;-;-;-;-;-;-;43
".....  GUANHAES";1;-;2;4;3;-;4;4;8;10;27;11;5;6;6;1;1;2;3;-;1;1;-;-;-;-;-;-;1;-;1;1;2;-;1;-;-;-;-;-;-;-;-;106
".....  DOM JOAQUIM";-;-;-;-;-;-;-;-;-;-;1;-;-;-;-;-;-;-;-;-;-;-;-;-;-;-;-;-;-;-;-;-;-;-;-;-;-;-;-;-;-;-;-;1
".....  SABINOPOLIS";-;-;-;-;1;-;-;-;-;-;-;2;-;1;-;-;-;-;-;-;-;-;1;-;-;-;-;-;-;-;-;1;-;-;-;-;-;-;-;-;-;-;-;6
".....  MATERLANDIA";-;-;-;-;1;-;-;-;-;-;-;1;-;2;1;-;-;-;-;-;-;-;-;-;-;-;-;-;-;-;-;-;-;-;-;-;-;-;-;-;-;-;-;5
".....  CARMESIA";-;-;-;1;-;-;-;-;-;-;-;-;-;-;-;-;1;-;-;-;-;-;-;-;-;-;-;-;-;-;-;-;-;-;-;-;-;-;-;-;-;-;-;2
"31021 Itabira";19;59;52;27;35;37;34;28;42;27;19;22;23;24;27;20;27;22;31;29;14;9;9;13;2;6;-;1;1;-;-;-;8;-;-;-;-;1;1;-;-;-;1;670
".....  SANTA MARIA DE ITABIRA";1;2;-;1;-;1;3;3;1;-;1;1;-;-;-;-;-;-;-;-;-;-;-;1;-;-;-;-;-;-;-;-;-;-;-;-;-;-;-;-;-;-;-;15
".....  SANTA BARBARA";7;13;9;9;2;3;2;5;1;1;4;1;-;1;4;-;-;-;-;-;-;1;-;-;-;1;-;-;-;-;-;-;-;-;-;-;-;-;-;-;-;-;-;64
".....  FERROS";1;-;1;-;1;3;2;3;2;1;2;1;-;1;1;1;-;1;1;3;-;-;-;-;-;-;-;-;-;-;-;-;-;-;-;-;-;-;-;-;-;-;-;25
".....  SANTO ANTONIO DO RIO ABAIXO";-;-;-;-;-;-;-;-;-;-;-;-;1;-;-;-;-;-;-;-;-;-;-;-;-;-;-;-;-;-;-;-;-;-;-;-;-;-;-;-;-;-;-;1
".....  SAO GONCALO DO RIO ABAIXO";-;-;-;-;-;-;-;1;1;7;5;2;4;3;6;3;4;4;1;2;-;1;-;-;-;-;-;-;-;-;-;-;-;-;-;-;-;-;-;-;-;-;-;44
".....  ITABIRA";10;44;40;16;30;29;27;15;32;12;4;16;16;17;13;14;23;16;28;24;13;7;9;11;2;5;-;1;1;-;-;-;8;-;-;-;-;1;1;-;-;-;1;486
".....  SAO SEBASTIAO DO RIO PRETO";-;-;1;-;-;-;-;-;1;1;1;-;-;-;1;-;-;-;-;-;-;-;-;-;-;-;-;-;-;-;-;-;-;-;-;-;-;-;-;-;-;-;-;5
".....  MORRO DO PILAR";-;-;-;-;1;-;-;-;1;-;-;-;-;-;-;-;-;-;-;-;-;-;-;-;-;-;-;-;-;-;-;-;-;-;-;-;-;-;-;-;-;-;-;2
".....  BOM JESUS DO AMPARO";-;-;1;-;-;-;-;1;-;1;1;1;-;-;-;1;-;-;-;-;-;-;-;-;-;-;-;-;-;-;-;-;-;-;-;-;-;-;-;-;-;-;-;6
".....  PASSABEM";-;-;-;-;-;-;-;-;-;-;-;-;-;-;-;-;-;-;-;-;-;-;-;1;-;-;-;-;-;-;-;-;-;-;-;-;-;-;-;-;-;-;-;1
".....  CATAS ALTAS";-;-;-;-;-;-;-;-;1;-;-;-;-;-;-;-;-;-;-;-;-;-;-;-;-;-;-;-;-;-;-;-;-;-;-;-;-;-;-;-;-;-;-;1
".....  BARAO DE COCAIS";-;-;-;1;1;1;-;-;2;4;1;-;2;2;2;1;-;1;1;-;1;-;-;-;-;-;-;-;-;-;-;-;-;-;-;-;-;-;-;-;-;-;-;20
"31022 Ouro Preto";2;3;1;3;-;3;6;9;7;12;9;10;11;15;13;12;11;4;8;8;2;5;-;3;-;3;-;3;-;2;-;-;-;1;-;-;2;1;-;-;2;-;-;171
".....  OURO PRETO";-;1;-;2;-;-;2;3;2;4;1;2;2;2;2;-;1;-;-;-;-;-;-;1;-;-;-;-;-;-;-;-;-;-;-;-;-;-;-;-;-;-;-;25
".....  MARIANA";2;1;1;1;-;2;4;4;3;8;7;7;8;10;9;10;8;4;5;6;2;4;-;2;-;1;-;3;-;2;-;-;-;1;-;-;1;1;-;-;2;-;-;119
".....  ITABIRITO";-;1;-;-;-;1;-;2;2;-;1;1;1;3;2;2;2;-;3;2;-;1;-;-;-;2;-;-;-;-;-;-;-;-;-;-;1;-;-;-;-;-;-;27
"31023 João Monlevade";2;18;27;87;161;263;222;321;254;271;318;280;201;115;83;45;46;35;28;24;15;16;6;4;1;-;2;-;-;-;-;2;3;2;1;-;-;1;-;2;1;-;-;2857
".....  RIO PIRACICABA";-;1;1;-;1;3;3;6;5;4;2;6;2;2;-;-;-;2;-;2;-;1;-;-;-;-;-;-;-;-;-;-;-;-;-;-;-;-;-;-;-;-;-;41
".....  BELA VISTA DE MINAS";-;1;-;4;2;3;4;16;2;5;1;2;5;3;5;2;-;-;7;9;3;1;2;-;-;-;-;-;-;-;-;-;-;-;-;-;-;-;-;-;-;-;-;77
".....  JOAO MONLEVADE";1;14;15;67;126;169;128;174;164;179;257;251;181;92;62;30;41;21;18;12;12;14;4;4;1;-;2;-;-;-;-;2;3;2;1;-;-;1;-;2;1;-;-;2051
".....  SAO DOMINGOS DO PRATA";1;1;1;10;22;21;38;66;52;56;40;14;6;11;10;4;1;1;-;-;-;-;-;-;-;-;-;-;-;-;-;-;-;-;-;-;-;-;-;-;-;-;-;355
".....  NOVA ERA";-;1;10;6;10;67;49;59;31;27;18;7;7;7;6;9;4;11;3;1;-;-;-;-;-;-;-;-;-;-;-;-;-;-;-;-;-;-;-;-;-;-;-;333
"31024 Sete Lagoas";433;913;1103;2097;2979;2659;2548;3175;2647;2210;1950;1505;972;905;674;503;375;256;223;147;127;52;56;28;24;43;28;12;9;3;7;7;4;3;3;7;5;5;7;11;7;3;-;28725
".....  PAINEIRAS";-;-;-;-;1;-;-;-;1;-;-;7;-;2;-;-;-;1;-;-;-;-;-;-;-;-;-;-;-;-;-;-;-;-;-;-;-;-;-;-;-;-;-;12
".....  MARAVILHAS";-;1;-;-;-;1;1;8;10;20;13;4;-;2;4;4;-;-;-;-;-;1;-;-;2;-;-;-;-;-;-;-;-;-;-;-;-;-;-;-;-;-;-;71
".....  CAETANOPOLIS";2;1;6;7;11;23;27;43;64;56;67;69;63;74;64;29;55;34;23;26;10;4;8;2;3;-;4;-;-;1;1;-;-;-;1;-;-;-;-;1;-;1;-;780
".....  JEQUITIBA";-;-;-;-;4;3;2;2;2;2;4;2;-;-;-;-;-;-;-;-;-;-;-;-;-;1;1;-;-;-;-;-;-;-;-;-;-;-;-;-;-;-;-;23
".....  PEQUI";-;-;-;-;-;-;-;-;-;-;-;7;15;23;20;21;24;39;19;17;11;9;14;10;1;3;1;2;-;-;-;-;-;-;-;-;-;-;-;-;-;-;-;236
".....  POMPEU";-;2;-;1;1;1;1;9;10;5;24;18;4;1;6;4;-;-;24;-;-;-;-;-;1;-;-;-;-;-;1;-;-;-;-;-;-;-;-;1;1;-;-;115
".....  BIQUINHAS";-;-;-;-;-;-;-;1;-;1;-;-;-;-;-;-;-;2;-;-;-;-;-;-;1;1;-;-;-;-;-;-;-;-;-;-;-;-;-;-;-;-;-;6
".....  FUNILANDIA";13;28;46;52;95;58;22;21;42;31;20;15;5;7;2;2;-;4;2;2;1;1;-;-;1;-;-;-;-;-;-;-;-;-;-;-;-;-;-;-;-;-;-;470
".....  CEDRO DO ABAETE";-;-;-;-;-;-;1;-;1;1;1;-;-;-;-;-;-;-;-;-;1;-;-;3;-;-;-;-;-;-;-;-;-;-;-;-;-;-;-;-;-;-;-;8
".....  SETE LAGOAS";395;846;981;1834;2540;2192;2112;2585;1971;1597;1192;860;556;462;307;225;139;82;86;39;48;13;13;7;10;30;13;8;8;2;4;3;4;2;2;5;5;4;6;6;6;2;-;21202
".....  MORADA NOVA DE MINAS";-;-;-;-;-;-;1;-;-;-;-;1;3;1;-;1;-;-;-;-;-;-;-;-;-;-;-;-;-;-;-;-;-;-;-;-;-;-;-;-;-;-;-;7
".....  CORDISBURGO";-;-;1;1;2;1;3;2;5;9;14;2;3;2;10;22;42;23;21;20;3;6;-;4;-;-;-;-;-;-;-;-;-;-;-;-;-;-;-;-;-;-;-;196
".....  INHAUMA";1;1;9;9;21;26;26;33;-;4;57;71;43;36;37;19;5;3;1;3;2;-;3;-;-;1;-;-;-;-;-;-;-;-;-;-;-;-;-;-;-;-;-;411
".....  SANTANA DE PIRAPAMA";-;4;8;31;59;70;93;67;42;13;56;29;13;4;4;3;5;1;-;1;-;-;-;-;-;-;-;-;-;-;-;1;-;-;-;-;-;-;-;-;-;-;-;504
".....  BALDIM";1;1;-;17;14;14;3;21;24;16;25;32;40;37;28;17;7;-;1;-;-;-;-;-;-;-;-;-;-;-;-;-;-;-;-;-;-;-;-;-;-;-;-;298
".....  PARAOPEBA";9;13;14;34;18;63;32;53;71;82;50;54;31;37;19;19;20;15;15;9;11;2;2;1;1;1;5;-;-;-;-;-;-;-;-;-;-;-;1;-;-;-;-;682
".....  CAPIM BRANCO";1;1;-;4;2;5;-;2;1;2;-;5;2;2;3;-;-;-;1;1;1;-;-;-;-;-;-;-;1;-;-;-;-;-;-;-;-;-;-;-;-;-;-;34
".....  CACHOEIRA DA PRATA";1;2;10;15;37;34;30;52;31;11;25;18;7;6;1;8;3;-;-;1;1;-;1;-;-;-;-;-;-;-;-;-;-;-;-;1;-;-;-;-;-;-;-;295
".....  QUARTEL GERAL";1;1;-;-;-;-;2;2;4;5;8;5;5;8;16;17;29;12;8;15;16;7;4;1;1;1;-;-;-;-;-;-;-;-;-;-;-;-;-;-;-;-;-;168
".....  ABAETE";-;-;-;3;15;32;46;114;218;263;299;262;145;174;127;84;31;35;15;9;15;9;8;-;2;2;3;1;-;-;-;1;-;-;-;-;-;-;-;-;-;-;-;1913
".....  ARACAI";-;1;-;1;-;3;2;1;5;7;7;7;15;10;5;4;3;-;-;-;-;-;-;-;-;-;-;-;-;-;-;-;-;-;-;-;-;-;-;-;-;-;-;71
".....  PAPAGAIOS";1;2;8;8;9;1;11;39;67;35;10;13;4;3;5;7;5;4;4;1;1;-;3;-;1;1;-;-;-;-;-;-;-;-;-;-;-;-;-;-;-;-;-;243
".....  PRUDENTE DE MORAIS";5;6;1;6;7;9;12;7;11;11;15;7;10;5;5;4;3;-;3;3;5;-;-;-;-;2;1;1;-;-;1;1;-;1;-;1;-;1;-;3;-;-;-;147
".....  FORTUNA DE MINAS";3;3;19;74;143;123;121;113;67;39;63;17;8;9;11;13;4;1;-;-;1;-;-;-;-;-;-;-;-;-;-;1;-;-;-;-;-;-;-;-;-;-;-;833
"31025 Vespasiano/Lagoa Santa";13;25;47;100;152;142;197;223;249;221;274;225;135;118;162;90;134;92;103;48;52;34;25;17;29;9;30;84;15;2;7;2;2;6;4;-;3;4;2;-;2;-;-;3079
".....  LAGOA SANTA";3;3;3;4;1;1;1;4;12;12;22;43;18;34;40;40;46;45;18;18;28;15;9;4;18;5;9;51;-;1;4;2;2;3;1;-;1;4;-;-;-;-;-;525
".....  SAO JOSE DA LAPA";-;3;3;4;4;5;1;4;2;4;9;2;2;1;-;3;5;7;2;8;4;1;1;2;1;1;-;-;1;-;-;-;-;-;3;-;-;-;-;-;-;-;-;83
".....  CONFINS";-;-;-;-;-;2;-;2;2;-;1;4;2;12;4;5;7;-;4;-;-;-;-;-;-;1;2;7;1;-;-;-;-;-;-;-;-;-;-;-;-;-;-;56
".....  SANTANA DO RIACHO";-;-;-;-;5;2;6;5;3;1;-;3;-;-;-;-;-;-;-;-;-;-;-;-;-;-;-;-;-;-;-;-;-;-;-;-;-;-;-;-;-;-;-;25
".....  PEDRO LEOPOLDO";1;2;1;7;9;9;5;25;35;30;54;55;46;31;12;19;30;8;26;13;13;9;8;3;8;2;12;25;10;-;1;-;-;3;-;-;-;-;-;-;-;-;-;512
".....  VESPASIANO";5;7;10;14;6;7;6;11;5;5;6;4;5;5;6;3;11;1;4;2;3;-;4;3;2;-;3;1;1;1;2;-;-;-;-;-;2;-;2;-;-;-;-;147
".....  MATOZINHOS";4;10;30;71;127;116;178;172;190;169;182;114;62;35;100;20;35;31;49;7;4;9;3;5;-;-;4;-;2;-;-;-;-;-;-;-;-;-;-;-;2;-;-;1731
"31026 Diamantina/Itamarandiba";1;4;8;9;8;10;20;53;38;54;35;41;61;67;36;21;15;17;5;2;3;1;-;6;4;1;-;-;-;-;-;-;-;1;-;-;-;-;-;-;-;-;-;521
".....  COLUNA";-;-;-;-;-;-;-;-;-;-;1;-;1;-;-;-;-;-;-;-;-;-;-;-;-;-;-;-;-;-;-;-;-;-;-;-;-;-;-;-;-;-;-;2
".....  SAO GONCALO DO RIO PRETO";-;-;-;-;-;-;-;-;1;-;-;-;-;-;1;-;3;-;-;-;-;-;-;-;-;-;-;-;-;-;-;-;-;-;-;-;-;-;-;-;-;-;-;5
".....  GOUVEIA";-;-;-;-;1;-;-;-;-;-;-;-;-;-;-;-;-;-;-;1;-;-;-;-;-;-;-;-;-;-;-;-;-;-;-;-;-;-;-;-;-;-;-;2
".....  COUTO DE MAGALHAES DE MINAS";-;-;-;-;-;2;5;31;27;40;23;28;43;35;22;14;10;7;2;1;-;-;-;6;-;-;-;-;-;-;-;-;-;-;-;-;-;-;-;-;-;-;-;296
".....  FELICIO DOS SANTOS";1;-;-;-;-;-;-;-;-;-;-;-;-;-;-;-;-;-;-;-;-;-;-;-;-;-;-;-;-;-;-;-;-;-;-;-;-;-;-;-;-;-;-;1
".....  ITAMARANDIBA";-;3;-;1;-;1;-;-;1;2;1;2;-;-;-;1;1;-;-;-;-;-;-;-;-;-;-;-;-;-;-;-;-;-;-;-;-;-;-;-;-;-;-;13
".....  CARBONITA";-;-;-;1;-;-;1;-;-;1;-;1;-;-;-;-;-;-;-;-;-;1;-;-;-;-;-;-;-;-;-;-;-;-;-;-;-;-;-;-;-;-;-;5
".....  DATAS";-;-;-;-;-;1;-;-;-;-;1;-;-;-;-;-;-;-;-;-;-;-;-;-;-;-;-;-;-;-;-;-;-;-;-;-;-;-;-;-;-;-;-;2
".....  PRESIDENTE KUBITSCHEK";-;-;-;-;-;1;-;-;-;-;1;-;-;-;2;-;-;-;-;-;-;-;-;-;-;-;-;-;-;-;-;-;-;-;-;-;-;-;-;-;-;-;-;4
".....  DIAMANTINA";-;1;8;7;7;5;14;22;9;11;8;10;17;32;11;6;1;10;3;-;3;-;-;-;4;1;-;-;-;-;-;-;-;1;-;-;-;-;-;-;-;-;-;191
"31027 Turmalina/Minas Novas/Capelinha";23;4;12;11;31;18;45;39;24;44;29;30;43;54;39;14;16;6;2;2;-;2;2;-;1;-;-;-;-;1;-;-;1;-;-;-;-;1;-;1;-;1;-;496
".....  CHAPADA DO NORTE";-;-;-;1;-;-;-;-;2;2;-;-;-;-;1;-;-;-;1;-;-;-;-;-;1;-;-;-;-;-;-;-;-;-;-;-;-;-;-;-;-;-;-;8
".....  ARICANDUVA";-;-;-;-;-;-;-;-;-;-;-;-;1;1;-;-;-;-;-;-;-;-;-;-;-;-;-;-;-;-;-;-;-;-;-;-;-;-;-;-;-;-;-;2
".....  CAPELINHA";-;-;-;-;-;2;1;3;3;5;6;2;4;1;1;3;1;1;-;-;-;-;1;-;-;-;-;-;-;-;-;-;1;-;-;-;-;1;-;1;-;1;-;38
".....  LEME DO PRADO";-;-;-;-;-;-;-;-;-;-;-;-;-;-;1;-;-;-;-;-;-;-;-;-;-;-;-;-;-;-;-;-;-;-;-;-;-;-;-;-;-;-;-;1
".....  VEREDINHA";-;-;-;-;-;-;-;-;-;-;-;3;1;3;-;-;-;-;-;-;-;1;-;-;-;-;-;-;-;-;-;-;-;-;-;-;-;-;-;-;-;-;-;8
".....  MINAS NOVAS";21;-;5;2;6;-;3;-;1;1;1;1;-;3;2;1;2;1;-;-;-;-;-;-;-;-;-;-;-;1;-;-;-;-;-;-;-;-;-;-;-;-;-;51
".....  TURMALINA";2;4;7;8;25;16;41;36;18;36;22;24;37;46;34;10;13;4;1;2;-;1;1;-;-;-;-;-;-;-;-;-;-;-;-;-;-;-;-;-;-;-;-;388
"31028 Bom Despacho";-;-;1;2;2;5;-;16;13;23;23;25;60;145;218;314;279;228;265;208;175;60;34;23;35;12;8;2;5;4;9;6;2;1;5;1;2;2;3;2;2;1;-;2221
".....  BOM DESPACHO";-;-;-;-;-;1;-;-;4;-;-;-;1;-;-;-;3;-;2;2;-;-;1;1;-;-;-;-;1;1;2;2;-;-;-;-;2;1;-;2;-;1;-;27
".....  SERRA DA SAUDADE";-;-;-;-;2;2;-;-;-;-;-;-;-;-;-;-;-;-;-;1;-;-;-;-;-;-;-;-;-;-;-;-;-;-;-;-;-;-;-;-;-;-;-;5
".....  ESTRELA DO INDAIA";-;-;-;-;-;-;-;-;-;-;-;-;-;-;-;-;-;-;-;1;9;1;-;-;-;-;-;-;-;-;-;-;-;-;-;-;-;-;-;-;-;-;-;11
".....  DORES DO INDAIA";-;-;-;-;-;-;-;-;1;-;-;3;1;2;2;5;3;1;1;-;2;-;-;1;-;-;2;1;-;-;2;-;-;-;-;-;-;-;-;-;-;-;-;27
".....  LUZ";-;-;-;-;-;1;-;3;4;1;4;2;8;30;102;176;158;166;157;135;115;37;7;7;4;-;2;-;-;-;-;-;-;-;-;-;-;-;-;-;-;-;-;1119
".....  MARTINHO CAMPOS";-;-;1;2;-;1;-;13;4;22;19;20;50;113;114;133;115;61;105;69;49;22;26;14;31;12;4;1;4;3;5;4;2;1;5;1;-;1;3;-;2;-;-;1032
"31030 Formiga";10;13;16;36;23;32;72;99;112;65;30;122;21;-;9;4;1;1;3;6;5;3;-;1;2;-;-;1;1;1;-;-;-;-;1;-;1;-;-;-;1;-;-;692
".....  BAMBUI";-;-;-;-;-;-;-;-;1;1;-;-;1;-;2;1;-;-;-;-;3;-;-;-;1;-;-;-;-;-;-;-;-;-;-;-;-;-;-;-;-;-;-;10
".....  IGUATAMA";-;2;-;-;-;-;1;4;3;-;-;1;-;-;1;2;-;-;-;-;-;-;-;-;-;-;-;-;-;-;-;-;-;-;-;-;-;-;-;-;-;-;-;14
".....  CORREGO DANTA";-;-;-;-;-;-;-;-;-;-;-;-;-;-;-;-;-;-;-;1;-;-;-;-;-;-;-;-;-;-;-;-;-;-;-;-;-;-;-;-;-;-;-;1
".....  FORMIGA";8;11;15;35;23;32;66;92;106;62;28;115;19;-;5;1;1;1;3;4;2;3;-;1;1;-;-;1;-;1;-;-;-;-;-;-;-;-;-;-;1;-;-;637
".....  CORREGO FUNDO";-;-;1;1;-;-;5;3;2;2;2;5;1;-;1;-;-;-;-;1;-;-;-;-;-;-;-;-;1;-;-;-;-;-;-;-;1;-;-;-;-;-;-;26
".....  MEDEIROS";-;-;-;-;-;-;-;-;-;-;-;1;-;-;-;-;-;-;-;-;-;-;-;-;-;-;-;-;-;-;-;-;-;-;1;-;-;-;-;-;-;-;-;2
".....  PAINS";2;-;-;-;-;-;-;-;-;-;-;-;-;-;-;-;-;-;-;-;-;-;-;-;-;-;-;-;-;-;-;-;-;-;-;-;-;-;-;-;-;-;-;2
"31031 Itaúna";6;7;7;13;23;26;24;34;21;34;36;20;12;41;50;26;1;3;4;6;3;2;3;1;3;-;-;1;1;-;-;1;2;-;1;-;1;-;-;-;1;-;-;414
".....  ITAUNA";6;7;7;13;21;25;23;34;21;34;32;19;12;37;46;25;1;2;4;6;2;2;3;1;3;-;-;1;1;-;-;1;2;-;1;-;1;-;-;-;1;-;-;394
".....  ITAGUARA";-;-;-;-;-;-;-;-;-;-;-;-;-;2;4;-;-;-;-;-;-;-;-;-;-;-;-;-;-;-;-;-;-;-;-;-;-;-;-;-;-;-;-;6
".....  ITATIAIUCU";-;-;-;-;2;1;-;-;-;-;3;-;-;2;-;1;-;1;-;-;1;-;-;-;-;-;-;-;-;-;-;-;-;-;-;-;-;-;-;-;-;-;-;11
".....  PIRACEMA";-;-;-;-;-;-;1;-;-;-;1;1;-;-;-;-;-;-;-;-;-;-;-;-;-;-;-;-;-;-;-;-;-;-;-;-;-;-;-;-;-;-;-;3
"31032 Pará de Minas/Nova Serrana";7;20;12;29;22;56;50;135;118;243;142;162;184;125;107;156;125;177;229;126;104;56;71;47;33;22;13;15;3;8;2;2;2;2;6;2;3;3;4;-;1;2;-;2626
".....  PITANGUI";-;-;-;2;2;3;1;5;8;1;9;6;8;7;-;-;1;1;1;-;-;-;-;-;-;-;-;-;-;-;-;-;-;-;-;-;-;-;1;-;-;-;-;56
".....  LEANDRO FERREIRA";-;-;-;-;-;-;1;-;-;-;-;-;-;-;-;-;-;-;-;1;1;-;-;-;-;-;-;-;-;-;-;-;-;-;-;-;-;-;-;-;-;-;-;3
".....  NOVA SERRANA";1;2;-;-;1;3;4;12;5;7;10;6;3;1;5;3;3;2;5;3;1;1;1;-;1;-;1;-;-;-;-;-;-;1;-;-;-;-;1;-;-;-;-;83
".....  PARA DE MINAS";6;18;12;27;17;49;41;115;103;233;123;148;170;116;99;150;110;169;212;116;96;46;60;37;22;15;12;6;3;5;2;2;1;-;6;2;3;3;2;-;-;-;-;2357
".....  SAO JOSE DA VARGINHA";-;-;-;-;2;-;3;2;-;-;-;1;1;-;1;1;2;1;4;-;-;3;-;-;-;6;-;9;-;3;-;-;1;1;-;-;-;-;-;-;1;2;-;44
".....  CONCEICAO DO PARA";-;-;-;-;-;-;-;1;-;-;-;-;2;-;-;-;1;-;2;1;2;-;1;-;-;-;-;-;-;-;-;-;-;-;-;-;-;-;-;-;-;-;-;10
".....  ONCA DE PITANGUI";-;-;-;-;-;-;-;-;-;-;-;-;-;-;-;1;-;-;-;-;1;-;-;-;-;-;-;-;-;-;-;-;-;-;-;-;-;-;-;-;-;-;-;2
".....  IGARATINGA";-;-;-;-;-;1;-;-;2;2;-;1;-;1;2;1;8;4;5;5;3;6;9;10;10;1;-;-;-;-;-;-;-;-;-;-;-;-;-;-;-;-;-;71
"31034 Caratinga";59;91;112;234;251;285;388;477;479;311;262;231;110;83;80;71;48;25;18;13;12;5;4;2;1;1;-;-;1;1;2;-;-;1;1;-;-;1;-;-;-;1;-;3661
".....  VERMELHO NOVO";-;-;-;-;-;-;-;1;1;-;1;1;-;-;-;-;-;-;-;-;-;-;-;-;-;-;-;-;-;-;-;-;-;-;-;-;-;-;-;-;-;-;-;4
".....  PIEDADE DE CARATINGA";-;-;-;-;-;1;1;1;-;-;-;4;5;-;2;2;1;-;-;-;-;-;-;-;-;-;-;-;-;-;-;-;-;-;-;-;-;-;-;-;-;-;-;17
".....  SANTA BARBARA DO LESTE";-;-;-;-;-;-;-;-;1;-;-;-;-;1;1;-;-;-;-;-;-;-;-;-;-;-;-;-;-;-;-;-;-;-;-;-;-;-;-;-;-;-;-;3
".....  ENTRE FOLHAS";-;1;-;2;3;4;1;5;5;7;2;3;2;-;-;-;-;-;-;-;-;-;-;-;-;-;-;-;-;-;-;-;-;-;-;-;-;-;-;-;-;-;-;35
".....  CARATINGA";2;11;10;10;14;47;210;104;126;31;29;84;34;10;11;3;3;5;1;1;-;-;1;-;-;-;-;-;-;-;-;-;-;-;-;-;-;-;-;-;-;-;-;747
".....  IMBE DE MINAS";-;-;-;-;1;-;-;3;1;1;-;-;3;1;5;-;-;-;1;-;-;1;-;-;-;-;-;-;-;-;-;-;-;-;-;-;-;-;-;-;-;-;-;17
".....  BOM JESUS DO GALHO";8;18;18;51;64;47;34;69;44;15;16;16;9;11;3;13;14;6;5;7;8;4;3;-;1;-;-;-;-;1;1;-;-;-;-;-;-;1;-;-;-;-;-;487
".....  SANTA RITA DE MINAS";-;-;1;1;1;-;1;-;-;-;9;5;5;9;10;6;5;1;1;-;2;-;-;-;-;1;-;-;-;-;1;-;-;1;-;-;-;-;-;-;-;-;-;60
".....  INHAPIM";5;8;24;59;44;126;112;241;237;222;194;90;45;45;26;18;15;10;6;2;1;-;-;2;-;-;-;-;1;-;-;-;-;-;1;-;-;-;-;-;-;1;-;1535
".....  SAO SEBASTIAO DO ANTA";-;1;1;-;4;3;3;13;23;8;4;15;1;-;17;25;4;-;-;-;-;-;-;-;-;-;-;-;-;-;-;-;-;-;-;-;-;-;-;-;-;-;-;122
".....  UBAPORANGA";-;2;-;3;3;4;9;10;12;16;3;5;2;3;5;3;5;3;4;3;1;-;-;-;-;-;-;-;-;-;-;-;-;-;-;-;-;-;-;-;-;-;-;96
".....  VARGEM ALEGRE";44;50;58;108;117;53;16;29;28;11;4;8;4;3;-;1;1;-;-;-;-;-;-;-;-;-;-;-;-;-;-;-;-;-;-;-;-;-;-;-;-;-;-;535
".....  SAO DOMINGOS DAS DORES";-;-;-;-;-;-;1;1;1;-;-;-;-;-;-;-;-;-;-;-;-;-;-;-;-;-;-;-;-;-;-;-;-;-;-;-;-;-;-;-;-;-;-;3
"31035 Coronel Fabriciano/Timóteo";1280;2063;2271;2302;2254;1779;935;1399;1164;680;731;431;241;350;363;213;121;51;83;70;36;17;17;18;14;18;12;7;13;5;3;10;2;10;9;7;4;3;6;2;3;-;-;18997
".....  CORREGO NOVO";-;-;-;1;2;-;-;1;2;1;-;-;-;-;-;-;-;-;-;-;-;-;-;-;-;-;-;-;-;-;-;-;-;-;-;1;-;-;-;-;-;-;-;8
".....  PINGO-D'AGUA";1;2;8;12;13;45;23;23;21;10;14;11;-;-;-;-;1;1;-;-;-;-;-;-;-;-;-;-;-;-;-;-;-;-;-;-;-;-;-;-;-;-;-;185
".....  CORONEL FABRICIANO";630;1024;1130;1291;1345;1088;559;953;835;482;446;281;156;208;125;150;94;43;66;56;28;12;8;12;8;16;10;7;13;4;3;7;2;10;7;5;4;3;4;2;3;-;-;11130
".....  JAGUARACU";8;12;10;10;7;3;2;9;9;1;7;-;1;-;-;-;-;-;2;-;-;-;-;-;-;-;-;-;-;-;-;-;-;-;-;-;-;-;-;-;-;-;-;81
".....  MARLIERIA";7;4;7;8;16;43;7;29;5;16;9;13;3;8;5;4;-;-;-;-;-;-;-;-;-;-;-;-;-;-;-;-;-;-;1;-;-;-;-;-;-;-;-;185
".....  ANTONIO DIAS";3;1;2;3;6;4;3;3;2;4;1;2;5;1;-;1;1;1;-;-;-;-;-;-;-;-;-;-;-;-;-;-;-;-;-;-;-;-;-;-;-;-;-;43
".....  DIONISIO";-;2;4;5;3;-;2;25;25;7;4;1;-;-;-;-;-;-;-;-;-;-;-;-;-;-;-;-;-;-;-;-;-;-;-;-;-;-;-;-;-;-;-;78
".....  TIMOTEO";631;1018;1110;972;862;596;339;356;265;159;250;123;76;133;233;58;25;6;15;14;8;5;9;6;6;2;2;-;-;1;-;3;-;-;1;1;-;-;2;-;-;-;-;7287
"31036 Governador Valadares";74;191;238;305;375;681;816;1647;2781;2309;2505;2478;1175;922;662;553;354;354;398;213;147;232;437;259;203;49;210;252;194;119;57;146;40;45;19;21;5;15;22;8;3;1;-;21515
".....  DIVINOLANDIA DE MINAS";3;-;5;9;23;31;31;49;50;58;56;52;39;25;27;38;-;-;-;-;1;-;-;-;-;-;-;-;-;-;-;-;-;-;-;-;-;-;-;-;-;-;-;497
".....  MATHIAS LOBATO";-;4;1;2;4;7;14;52;43;77;55;47;30;15;17;8;5;4;-;-;4;-;1;-;-;1;-;-;-;-;-;-;-;-;-;-;-;-;-;-;-;-;-;391
".....  ITANHOMI";31;97;66;116;84;130;137;89;92;62;40;11;7;10;2;11;3;2;1;-;-;-;-;-;-;-;-;-;-;-;-;-;-;-;-;-;-;-;-;-;-;-;-;991
".....  VIRGOLANDIA";-;-;-;-;-;2;-;13;6;2;3;4;4;10;13;22;13;11;5;15;5;1;2;-;2;-;-;-;-;1;-;-;-;-;-;-;-;-;-;-;-;-;-;134
".....  SAO JOSE DA SAFIRA";-;-;-;-;-;-;-;-;2;8;14;16;17;11;6;12;4;6;1;1;-;-;-;-;-;-;-;-;-;-;-;-;-;-;-;-;-;-;-;-;-;-;-;98
".....  FERNANDES TOURINHO";-;-;2;2;4;8;5;6;15;12;44;66;39;27;21;-;2;-;-;-;-;-;-;-;-;-;-;-;-;-;1;-;-;-;-;-;-;-;-;-;-;-;-;254
".....  SAO GERALDO DA PIEDADE";-;-;-;-;-;-;-;-;3;3;3;6;2;1;2;1;2;1;-;3;8;3;-;1;-;-;-;-;-;-;-;-;-;-;-;-;-;-;-;-;-;-;-;39
".....  GOVERNADOR VALADARES";19;35;88;78;152;375;456;1221;2147;1729;1860;1895;843;617;436;383;285;289;361;139;118;209;427;224;196;42;168;252;192;115;56;144;35;45;18;21;4;15;21;5;2;-;-;15717
".....  ALVARENGA";-;-;-;-;2;2;1;1;10;10;7;7;2;10;11;3;-;1;8;5;4;-;-;-;-;-;-;-;-;-;-;-;-;-;-;-;-;-;-;-;-;-;-;84
".....  SAO GERALDO DO BAIXIO";-;-;-;-;1;-;-;2;9;13;6;-;1;-;-;-;-;2;-;-;-;-;-;-;-;-;-;-;-;-;-;-;-;-;-;-;-;-;-;-;-;-;-;34
".....  SARDOA";-;-;-;-;-;-;-;-;-;-;-;-;-;-;-;1;-;-;-;-;-;-;-;-;-;-;-;-;-;-;-;-;-;-;-;-;-;-;-;-;-;-;-;1
".....  SOBRALIA";1;-;8;6;5;5;77;81;225;121;150;64;17;19;2;-;-;-;2;1;-;1;-;1;-;-;-;-;-;-;-;1;5;-;-;-;-;-;-;3;-;-;-;795
".....  GALILEIA";-;3;-;1;2;3;2;-;2;4;16;10;6;10;4;6;2;1;4;11;-;1;-;-;-;-;-;-;-;-;-;-;-;-;-;-;-;-;-;-;-;-;-;88
".....  ENGENHEIRO CALDAS";-;-;1;3;4;3;7;23;15;32;27;11;7;13;11;2;2;7;3;16;1;1;2;29;2;2;41;-;1;-;-;1;-;-;1;-;-;-;-;-;-;1;-;269
".....  CAPITAO ANDRADE";-;3;7;2;3;6;4;10;7;6;13;11;1;2;1;-;-;-;-;-;-;-;-;-;-;-;-;-;-;-;-;-;-;-;-;-;-;-;-;-;-;-;-;76
".....  SANTA EFIGENIA DE MINAS";-;-;-;-;-;-;1;-;1;1;3;1;-;1;1;2;1;-;-;-;-;1;-;-;-;-;-;-;-;-;-;-;-;-;-;-;-;-;-;-;-;-;-;13
".....  JAMPRUCA";-;-;-;-;-;-;-;-;-;1;3;3;7;3;4;1;-;-;-;-;-;-;-;-;-;-;-;-;-;-;-;-;-;-;-;-;-;-;-;-;-;-;-;22
".....  MARILAC";-;-;-;-;3;13;9;13;27;17;38;40;26;24;10;10;5;3;-;4;1;-;-;-;1;-;-;-;-;-;-;-;-;-;-;-;-;-;-;-;-;-;-;244
".....  COROACI";1;-;1;2;2;5;10;14;11;14;17;14;15;18;17;12;6;3;4;2;1;4;1;-;1;2;-;-;-;-;-;-;-;-;-;-;1;-;-;-;1;-;-;179
".....  TUMIRITINGA";-;18;25;26;18;17;4;5;22;64;115;125;75;79;41;29;13;16;6;1;1;7;-;-;-;-;-;-;-;-;-;-;-;-;-;-;-;-;-;-;-;-;-;707
".....  TARUMIRIM";16;21;21;45;32;41;11;41;20;24;7;23;13;6;7;4;2;-;-;-;-;-;-;-;-;-;-;-;-;-;-;-;-;-;-;-;-;-;-;-;-;-;-;334
".....  ALPERCATA";3;10;6;10;14;18;29;9;37;23;6;36;12;10;5;2;1;1;-;-;-;-;1;3;-;-;1;-;1;2;-;-;-;-;-;-;-;-;1;-;-;-;-;241
".....  GONZAGA";-;-;-;1;-;-;-;-;-;-;2;-;2;2;1;2;2;3;1;9;3;2;3;1;-;2;-;-;-;1;-;-;-;-;-;-;-;-;-;-;-;-;-;37
".....  NACIP RAYDAN";-;-;-;-;9;-;2;3;5;7;1;2;-;-;3;1;-;-;-;-;-;-;-;-;-;-;-;-;-;-;-;-;-;-;-;-;-;-;-;-;-;-;-;33
".....  FREI INOCENCIO";-;-;7;2;13;15;16;15;32;21;19;34;10;9;20;3;6;4;2;6;-;2;-;-;1;-;-;-;-;-;-;-;-;-;-;-;-;-;-;-;-;-;-;237
"31037 Ipatinga";701;1395;1897;2523;3073;2982;2847;2812;2502;1712;1322;919;521;622;446;343;273;117;153;131;88;98;107;54;64;46;28;77;36;20;27;32;31;40;29;27;22;25;32;37;21;13;-;28245
".....  BRAUNAS";2;5;15;14;51;55;37;20;6;1;8;-;-;-;1;-;1;-;-;-;1;-;-;1;-;-;-;-;-;-;-;-;-;-;-;-;-;-;-;-;-;-;-;218
".....  PERIQUITO";2;2;6;7;5;40;28;53;48;25;9;1;-;2;1;1;2;1;-;1;-;1;-;-;-;-;-;-;-;-;-;-;-;-;-;-;-;-;-;-;-;-;-;235
".....  ACUCENA";1;1;3;4;12;27;6;13;22;17;11;13;9;10;3;2;6;2;1;-;-;1;-;-;-;-;-;-;-;-;-;-;-;-;-;-;-;-;-;-;-;-;-;164
".....  MESQUITA";19;48;49;61;27;11;20;5;6;8;7;6;8;15;16;12;7;1;1;1;2;-;-;-;1;-;-;-;-;-;-;-;-;-;-;-;-;1;-;-;-;-;-;332
".....  SANTANA DO PARAISO";84;112;190;204;256;195;99;179;175;112;79;58;34;37;16;8;17;3;10;15;3;6;2;1;2;2;1;4;1;1;1;4;-;2;1;2;2;2;2;2;1;-;-;1925
".....  IPATINGA";525;1062;1311;1640;1671;1590;1468;1427;1443;1079;868;582;288;349;222;172;127;69;93;90;74;73;98;45;59;40;24;30;33;15;19;20;26;31;24;18;19;19;27;34;19;8;-;16831
".....  SAO JOAO DO ORIENTE";-;1;4;8;23;19;37;58;61;71;57;45;34;25;26;5;6;-;-;-;1;-;-;-;-;-;-;-;-;-;-;-;-;-;-;-;-;-;-;-;-;-;-;481
".....  IAPU";1;7;6;16;39;61;21;7;12;17;41;20;10;12;12;3;4;-;2;2;1;4;-;-;-;2;-;-;-;-;2;-;-;1;1;-;-;-;-;-;-;-;-;304
".....  IPABA";10;30;99;238;403;391;449;369;205;105;25;22;11;21;7;3;7;4;8;12;3;6;-;4;2;2;1;-;2;3;2;3;-;2;2;5;1;2;1;-;-;-;-;2460
".....  NAQUE";3;8;3;8;15;24;26;23;34;9;13;8;3;4;6;2;2;-;1;-;-;2;-;-;-;-;-;-;-;-;-;-;-;-;-;-;-;-;-;-;-;-;-;194
".....  JOANESIA";35;66;82;92;78;106;109;99;82;64;67;51;58;104;107;107;68;33;27;6;2;2;6;3;-;-;1;4;-;1;3;2;5;4;-;2;-;-;1;1;-;-;-;1478
".....  BELO ORIENTE";14;45;105;132;330;313;411;492;347;179;116;88;48;27;22;21;20;4;9;4;1;3;1;-;-;-;1;39;-;-;-;-;-;-;1;-;-;1;1;-;1;5;-;2781
".....  BUGRE";4;2;14;18;25;47;40;28;24;23;21;24;18;16;7;7;5;-;1;-;-;-;-;-;-;-;-;-;-;-;-;3;-;-;-;-;-;-;-;-;-;-;-;327
".....  DOM CAVATI";1;6;10;81;138;103;96;39;37;2;-;1;-;-;-;-;1;-;-;-;-;-;-;-;-;-;-;-;-;-;-;-;-;-;-;-;-;-;-;-;-;-;-;515
"31038 Mantena";-;3;1;2;1;14;13;25;38;62;63;76;46;62;37;35;52;77;21;41;3;-;2;-;-;-;-;1;-;-;1;-;-;-;-;-;-;-;-;-;-;-;-;676
".....  SAO JOAO DO MANTENINHA";-;-;-;-;-;1;-;1;3;2;9;10;3;3;1;1;4;-;1;1;1;-;1;-;-;-;-;-;-;-;-;-;-;-;-;-;-;-;-;-;-;-;-;42
".....  MENDES PIMENTEL";-;-;-;1;-;-;-;1;1;1;1;4;1;7;5;8;4;3;2;2;-;-;-;-;-;-;-;-;-;-;-;-;-;-;-;-;-;-;-;-;-;-;-;41
".....  MANTENA";-;-;-;-;-;-;-;-;1;1;-;3;-;-;-;1;1;4;1;1;-;-;1;-;-;-;-;1;-;-;1;-;-;-;-;-;-;-;-;-;-;-;-;16
".....  SAO FELIX DE MINAS";-;-;-;-;-;-;-;-;-;2;-;1;-;-;-;-;-;-;-;-;-;-;-;-;-;-;-;-;-;-;-;-;-;-;-;-;-;-;-;-;-;-;-;3
".....  ITABIRINHA";-;1;1;1;-;6;5;17;16;13;28;24;22;12;2;3;2;-;-;-;1;-;-;-;-;-;-;-;-;-;-;-;-;-;-;-;-;-;-;-;-;-;-;154
".....  DIVINO DAS LARANJEIRAS";-;-;-;-;-;-;-;-;2;11;3;6;6;16;14;5;-;-;-;-;1;-;-;-;-;-;-;-;-;-;-;-;-;-;-;-;-;-;-;-;-;-;-;64
".....  NOVA BELEM";-;-;-;-;-;-;-;-;-;-;-;-;-;1;-;-;-;-;-;-;-;-;-;-;-;-;-;-;-;-;-;-;-;-;-;-;-;-;-;-;-;-;-;1
".....  CENTRAL DE MINAS";-;2;-;-;1;7;8;6;15;32;22;28;14;23;15;17;41;70;17;37;-;-;-;-;-;-;-;-;-;-;-;-;-;-;-;-;-;-;-;-;-;-;-;355
"31040 Resplendor";-;1;5;7;9;31;21;56;86;134;266;240;185;240;155;137;85;46;22;25;15;5;11;6;4;2;3;3;2;4;2;2;1;1;2;3;-;1;1;1;1;3;-;1824
".....  SANTA RITA DO ITUETO";-;-;-;-;1;1;-;-;-;-;2;2;1;1;-;-;2;-;-;4;-;-;-;-;-;-;-;-;-;-;-;-;-;-;-;-;-;-;-;-;-;-;-;14
".....  CONSELHEIRO PENA";-;-;3;1;1;14;15;25;30;70;142;171;145;180;103;102;46;17;12;6;6;-;1;2;1;-;1;-;-;-;-;1;-;-;-;1;-;-;-;-;-;-;-;1096
".....  CUPARAQUE";-;-;-;1;-;-;-;4;6;12;45;21;6;7;1;1;1;-;-;-;-;-;-;-;-;-;-;-;-;-;-;-;-;-;-;-;-;-;-;-;-;-;-;105
".....  GOIABEIRA";-;-;-;-;-;-;-;-;-;3;3;2;2;1;-;-;-;2;1;1;-;1;4;1;1;1;-;1;-;-;-;-;-;-;-;-;-;-;-;-;-;-;-;24
".....  AIMORES";-;1;1;2;2;5;6;20;26;29;49;30;17;30;41;27;30;21;5;12;7;3;6;3;2;1;2;1;1;3;1;1;1;1;1;2;-;1;-;-;-;3;-;394
".....  RESPLENDOR";-;-;1;3;4;10;-;4;23;15;18;8;12;16;8;5;4;4;4;2;2;1;-;-;-;-;-;1;1;1;1;-;-;-;1;-;-;-;1;1;1;-;-;152
".....  ITUETA";-;-;-;-;1;1;-;3;1;5;7;6;2;5;2;2;2;2;-;-;-;-;-;-;-;-;-;-;-;-;-;-;-;-;-;-;-;-;-;-;-;-;-;39
"31041 Além Paraíba";-;1;1;-;-;-;-;3;3;3;2;2;-;-;1;-;-;-;-;-;-;-;-;-;-;-;-;-;-;-;-;-;-;-;-;-;-;-;-;-;-;-;-;16
".....  VOLTA GRANDE";-;-;-;-;-;-;-;2;3;3;2;2;-;-;1;-;-;-;-;-;-;-;-;-;-;-;-;-;-;-;-;-;-;-;-;-;-;-;-;-;-;-;-;13
".....  ALEM PARAIBA";-;1;1;-;-;-;-;1;-;-;-;-;-;-;-;-;-;-;-;-;-;-;-;-;-;-;-;-;-;-;-;-;-;-;-;-;-;-;-;-;-;-;-;3
"31042 Carangola";-;-;-;1;2;3;5;1;3;-;-;1;-;1;4;-;2;1;3;1;1;-;-;-;-;-;-;-;-;-;-;-;-;-;-;1;-;-;-;-;-;-;-;30
".....  ORIZANIA";-;-;-;-;-;-;2;-;1;-;-;-;-;-;2;-;-;-;3;-;-;-;-;-;-;-;-;-;-;-;-;-;-;-;-;-;-;-;-;-;-;-;-;8
".....  DIVINO";-;-;-;-;-;-;-;-;1;-;-;-;-;-;-;-;1;-;-;-;-;-;-;-;-;-;-;-;-;-;-;-;-;-;-;-;-;-;-;-;-;-;-;2
".....  PEDRA BONITA";-;-;-;-;-;-;-;-;-;-;-;-;-;-;-;-;-;1;-;1;-;-;-;-;-;-;-;-;-;-;-;-;-;-;-;-;-;-;-;-;-;-;-;2
".....  FERVEDOURO";-;-;-;-;-;-;-;-;-;-;-;-;-;1;-;-;-;-;-;-;-;-;-;-;-;-;-;-;-;-;-;-;-;-;-;-;-;-;-;-;-;-;-;1
".....  CARANGOLA";-;-;-;-;-;-;1;-;-;-;-;-;-;-;1;-;-;-;-;-;-;-;-;-;-;-;-;-;-;-;-;-;-;-;-;-;-;-;-;-;-;-;-;2
".....  CAIANA";-;-;-;-;-;1;-;-;-;-;-;-;-;-;-;-;-;-;-;-;-;-;-;-;-;-;-;-;-;-;-;-;-;-;-;-;-;-;-;-;-;-;-;1
".....  ESPERA FELIZ";-;-;-;1;2;2;2;1;1;-;-;1;-;-;-;-;-;-;-;-;1;-;-;-;-;-;-;-;-;-;-;-;-;-;-;1;-;-;-;-;-;-;-;12
".....  CAPARAO";-;-;-;-;-;-;-;-;-;-;-;-;-;-;1;-;1;-;-;-;-;-;-;-;-;-;-;-;-;-;-;-;-;-;-;-;-;-;-;-;-;-;-;2
"31044 Leopoldina/Cataguases";1;-;-;-;1;-;-;-;-;1;4;1;-;-;3;-;5;-;3;1;-;-;-;-;-;2;2;-;-;-;-;1;-;-;-;-;1;2;1;-;-;-;-;29
".....  ASTOLFO DUTRA";-;-;-;-;-;-;-;-;-;-;-;-;-;-;-;-;-;-;-;-;-;-;-;-;-;-;-;-;-;-;-;-;-;-;-;-;-;2;-;-;-;-;-;2
".....  LEOPOLDINA";-;-;-;-;-;-;-;-;-;-;-;-;-;-;2;-;5;-;2;-;-;-;-;-;-;-;-;-;-;-;-;-;-;-;-;-;-;-;-;-;-;-;-;9
".....  CATAGUASES";1;-;-;-;-;-;-;-;-;1;1;1;-;-;1;-;-;-;1;1;-;-;-;-;-;2;2;-;-;-;-;1;-;-;-;-;-;-;-;-;-;-;-;12
".....  LARANJAL";-;-;-;-;-;-;-;-;-;-;-;-;-;-;-;-;-;-;-;-;-;-;-;-;-;-;-;-;-;-;-;-;-;-;-;-;1;-;-;-;-;-;-;1
".....  DONA EUSEBIA";-;-;-;-;1;-;-;-;-;-;3;-;-;-;-;-;-;-;-;-;-;-;-;-;-;-;-;-;-;-;-;-;-;-;-;-;-;-;-;-;-;-;-;4
".....  ARGIRITA";-;-;-;-;-;-;-;-;-;-;-;-;-;-;-;-;-;-;-;-;-;-;-;-;-;-;-;-;-;-;-;-;-;-;-;-;-;-;1;-;-;-;-;1
"31045 Muriaé";-;2;-;-;2;6;2;4;3;11;5;12;2;5;7;4;10;2;7;1;-;1;1;-;-;-;1;1;-;-;-;1;-;-;-;1;-;-;-;-;-;-;-;91
".....  MIRAI";-;-;-;-;-;-;-;-;-;-;-;-;-;1;2;-;2;-;-;-;-;-;-;-;-;-;-;-;-;-;-;-;-;-;-;-;-;-;-;-;-;-;-;5
".....  SAO FRANCISCO DO GLORIA";-;-;-;-;-;-;-;2;-;-;2;-;-;-;-;-;-;-;-;-;-;-;-;-;-;-;-;-;-;-;-;-;-;-;-;-;-;-;-;-;-;-;-;4
".....  BARAO DE MONTE ALTO";-;-;-;-;-;-;-;-;-;-;-;-;-;-;-;-;-;-;-;-;-;-;1;-;-;-;-;-;-;-;-;-;-;-;-;-;-;-;-;-;-;-;-;1
".....  MIRADOURO";-;-;-;-;1;1;1;-;-;-;-;-;-;-;1;-;-;-;-;-;-;-;-;-;-;-;-;-;-;-;-;-;-;-;-;-;-;-;-;-;-;-;-;4
".....  MURIAE";-;2;-;-;1;4;1;2;3;11;3;12;2;4;4;4;8;2;7;1;-;1;-;-;-;-;1;1;-;-;-;1;-;-;-;1;-;-;-;-;-;-;-;76
".....  EUGENOPOLIS";-;-;-;-;-;1;-;-;-;-;-;-;-;-;-;-;-;-;-;-;-;-;-;-;-;-;-;-;-;-;-;-;-;-;-;-;-;-;-;-;-;-;-;1
"31046 Santos Dumont";-;-;-;-;1;1;1;1;-;1;-;1;1;1;2;2;-;1;-;-;-;3;-;-;-;-;-;-;-;-;-;-;-;-;-;-;-;-;-;-;-;-;-;16
".....  SANTOS DUMONT";-;-;-;-;1;1;1;-;-;-;-;1;-;1;1;2;-;1;-;-;-;3;-;-;-;-;-;-;-;-;-;-;-;-;-;-;-;-;-;-;-;-;-;12
".....  ARACITABA";-;-;-;-;-;-;-;1;-;1;-;-;1;-;1;-;-;-;-;-;-;-;-;-;-;-;-;-;-;-;-;-;-;-;-;-;-;-;-;-;-;-;-;4
"31047 São João Nepomuceno/Bicas";1;1;1;1;-;-;1;-;1;2;14;4;1;1;1;1;1;-;1;1;2;1;-;-;-;-;-;1;1;-;-;-;-;-;-;-;-;-;-;1;-;-;-;39
".....  BICAS";-;-;-;-;-;-;-;-;-;-;-;2;1;-;-;-;1;-;-;1;1;1;-;-;-;-;-;-;-;-;-;-;-;-;-;-;-;-;-;-;-;-;-;7
".....  SENADOR CORTES";-;-;-;-;-;-;-;-;1;-;-;-;-;-;-;-;-;-;-;-;-;-;-;-;-;-;-;-;-;-;-;-;-;-;-;-;-;-;-;-;-;-;-;1
".....  SAO JOAO NEPOMUCENO";-;-;1;1;-;-;-;-;-;1;14;-;-;-;1;-;-;-;1;-;1;-;-;-;-;-;-;1;1;-;-;-;-;-;-;-;-;-;-;1;-;-;-;23
".....  MAR DE ESPANHA";-;1;-;-;-;-;1;-;-;-;-;-;-;-;-;-;-;-;-;-;-;-;-;-;-;-;-;-;-;-;-;-;-;-;-;-;-;-;-;-;-;-;-;2
".....  PEQUERI";-;-;-;-;-;-;-;-;-;-;-;2;-;-;-;-;-;-;-;-;-;-;-;-;-;-;-;-;-;-;-;-;-;-;-;-;-;-;-;-;-;-;-;2
".....  DESCOBERTO";1;-;-;-;-;-;-;-;-;1;-;-;-;1;-;1;-;-;-;-;-;-;-;-;-;-;-;-;-;-;-;-;-;-;-;-;-;-;-;-;-;-;-;4
"31048 Ubá";-;1;1;1;10;3;7;19;30;63;103;178;267;463;488;470;342;288;399;412;369;222;317;196;116;104;113;50;49;28;31;18;22;25;38;17;38;32;2;7;4;9;-;5352
".....  GUIDOVAL";-;-;-;-;-;-;-;-;-;-;-;-;-;-;-;8;5;12;36;21;8;62;13;16;9;6;4;1;2;3;3;4;-;1;1;3;-;1;-;-;-;4;-;223
".....  DORES DO TURVO";-;-;-;-;-;-;-;-;-;-;-;-;-;-;4;-;5;3;6;1;3;3;-;-;-;1;-;-;-;-;-;-;-;-;-;1;-;-;-;-;-;-;-;27
".....  TABULEIRO";-;-;-;-;-;-;-;-;-;-;-;-;-;-;-;-;-;-;1;4;1;-;-;-;-;-;-;-;-;-;-;-;-;-;-;-;-;-;-;1;-;-;-;7
".....  VISCONDE DO RIO BRANCO";-;-;-;-;-;-;-;1;-;-;1;-;-;-;-;-;-;-;-;-;-;-;-;-;-;3;-;1;1;-;2;-;2;-;-;-;-;-;2;-;-;-;-;13
".....  SENADOR FIRMINO";-;-;-;-;-;-;-;-;-;1;-;-;-;-;-;-;-;2;-;-;-;-;-;1;-;-;-;-;-;-;-;-;-;-;-;-;-;-;-;-;-;-;-;4
".....  GUARANI";-;-;-;-;1;-;-;-;1;-;-;-;-;-;1;2;-;1;1;-;-;-;-;-;-;-;-;-;-;-;-;-;-;-;-;-;-;-;-;-;-;-;-;7
".....  GUIRICEMA";-;-;-;1;-;-;1;1;3;1;3;-;-;11;8;10;19;13;-;-;-;-;-;1;-;-;-;-;-;-;-;-;-;-;-;-;-;-;-;-;-;-;-;72
".....  COIMBRA";-;-;-;-;-;-;-;-;-;-;-;-;1;-;-;-;-;-;-;-;-;-;-;-;1;-;-;-;-;-;-;-;-;-;-;-;-;-;-;-;-;-;-;2
".....  SAO GERALDO";-;-;-;-;-;-;-;-;-;-;1;-;-;-;-;-;1;2;3;1;1;-;1;-;1;-;1;-;-;-;-;-;-;-;-;-;1;-;-;-;-;-;-;13
".....  TOCANTINS";-;-;-;-;-;-;1;1;1;1;2;-;-;13;12;10;21;8;5;3;6;1;11;1;1;-;4;-;1;2;1;1;-;1;-;-;-;-;-;1;-;-;-;109
".....  PRESIDENTE BERNARDES";-;-;-;-;-;-;-;1;8;1;1;8;2;10;14;18;10;12;11;-;3;1;-;-;-;-;-;-;-;-;-;-;-;-;-;-;-;-;-;-;-;-;-;100
".....  RODEIRO";-;-;-;-;-;-;-;-;-;-;-;1;-;1;1;2;-;-;-;-;2;-;2;1;-;-;-;-;-;-;-;-;-;-;-;-;-;-;-;-;-;-;-;10
".....  ERVALIA";-;-;-;-;3;-;-;-;-;-;2;-;-;2;1;5;2;-;4;-;-;-;-;-;-;-;-;-;-;-;-;-;-;-;-;-;-;-;-;-;-;-;-;19
".....  PIRAUBA";-;-;-;-;-;-;-;-;-;-;2;-;-;1;-;1;1;-;-;-;-;-;-;-;-;-;1;1;-;-;-;-;-;-;1;-;-;-;-;-;-;-;-;8
".....  UBA";-;-;1;-;6;3;5;15;17;58;90;167;262;423;442;403;275;228;324;379;342;154;287;170;104;94;103;47;45;23;25;12;19;23;36;13;37;31;-;4;4;5;-;4676
".....  DIVINESIA";-;-;-;-;-;-;-;-;-;1;-;2;2;2;2;11;3;-;1;-;-;1;2;-;-;-;-;-;-;-;-;-;-;-;-;-;-;-;-;-;-;-;-;27
".....  BRAS PIRES";-;-;-;-;-;-;-;-;-;-;-;-;-;-;3;-;-;6;7;2;2;-;1;-;-;-;-;-;-;-;-;-;-;-;-;-;-;-;-;-;-;-;-;21
".....  MERCES";-;-;-;-;-;-;-;-;-;-;-;-;-;-;-;-;-;-;-;-;-;-;-;-;-;-;-;-;-;-;-;1;-;-;-;-;-;-;-;-;-;-;-;1
".....  RIO POMBA";-;1;-;-;-;-;-;-;-;-;1;-;-;-;-;-;-;1;-;1;1;-;-;6;-;-;-;-;-;-;-;-;1;-;-;-;-;-;-;1;-;-;-;13
"31050 Coração de Jesus";-;-;-;-;-;4;3;10;21;20;1;-;3;-;2;-;5;-;-;-;1;-;-;-;-;-;-;-;-;-;-;-;1;-;-;-;-;-;-;-;-;-;-;71
".....  CORACAO DE JESUS";-;-;-;-;-;1;2;8;19;19;-;-;1;-;-;-;1;-;-;-;-;-;-;-;-;-;-;-;-;-;-;-;-;-;-;-;-;-;-;-;-;-;-;51
".....  LAGOA DOS PATOS";-;-;-;-;-;2;1;2;2;-;1;-;2;-;2;-;-;-;-;-;-;-;-;-;-;-;-;-;-;-;-;-;1;-;-;-;-;-;-;-;-;-;-;13
".....  SAO JOAO DA LAGOA";-;-;-;-;-;1;-;-;-;-;-;-;-;-;-;-;-;-;-;-;-;-;-;-;-;-;-;-;-;-;-;-;-;-;-;-;-;-;-;-;-;-;-;1
".....  SAO JOAO DO PACUI";-;-;-;-;-;-;-;-;-;1;-;-;-;-;-;-;4;-;-;-;1;-;-;-;-;-;-;-;-;-;-;-;-;-;-;-;-;-;-;-;-;-;-;6
"31051 Francisco Sá";1;1;2;2;6;13;10;12;34;26;25;21;27;16;10;6;13;8;8;8;7;3;1;3;-;-;4;-;-;-;-;-;-;-;-;-;1;-;1;2;-;-;-;271
".....  CRISTALIA";-;-;-;-;-;-;-;-;-;-;-;-;-;-;-;-;-;1;-;-;-;-;-;-;-;-;-;-;-;-;-;-;-;-;-;-;-;-;-;-;-;-;-;1
".....  CAPITAO ENEAS";1;-;1;1;4;8;9;10;21;18;19;13;15;10;6;2;7;4;8;8;6;3;1;3;-;-;3;-;-;-;-;-;-;-;-;-;-;-;-;1;-;-;-;182
".....  JOSENOPOLIS";-;1;-;-;1;-;-;1;2;-;-;1;-;-;-;-;-;-;-;-;-;-;-;-;-;-;-;-;-;-;-;-;-;-;-;-;-;-;-;-;-;-;-;6
".....  FRANCISCO SA";-;-;1;-;1;4;1;1;7;6;5;6;9;5;4;2;5;3;-;-;1;-;-;-;-;-;1;-;-;-;-;-;-;-;-;-;1;-;1;-;-;-;-;64
".....  GRAO MOGOL";-;-;-;-;-;1;-;-;4;1;1;-;1;1;-;2;1;-;-;-;-;-;-;-;-;-;-;-;-;-;-;-;-;-;-;-;-;-;-;1;-;-;-;13
".....  BOTUMIRIM";-;-;-;1;-;-;-;-;-;1;-;1;2;-;-;-;-;-;-;-;-;-;-;-;-;-;-;-;-;-;-;-;-;-;-;-;-;-;-;-;-;-;-;5
"31052 Janaúba/Monte Azul";2;7;2;8;17;21;24;25;39;41;31;32;26;23;24;23;15;7;7;5;4;3;2;3;2;1;3;2;1;2;3;1;1;-;-;-;1;-;-;1;1;-;-;410
".....  MAMONAS";-;1;-;1;1;-;4;2;-;1;-;-;-;2;-;2;-;-;-;-;-;-;-;-;-;-;-;-;-;-;-;-;-;-;-;-;-;-;-;-;-;-;-;14
".....  RIACHO DOS MACHADOS";1;-;-;1;-;-;-;-;-;-;-;-;1;-;-;-;-;-;-;-;-;-;-;-;-;-;-;-;-;-;-;-;-;-;-;-;-;-;-;-;-;-;-;3
".....  MATO VERDE";-;-;-;1;-;-;-;-;-;-;-;-;-;-;-;-;-;-;-;-;-;-;-;-;-;-;-;-;-;-;-;-;-;-;-;-;-;-;-;-;-;-;-;1
".....  SERRANOPOLIS DE MINAS";-;-;-;-;-;-;-;-;-;-;-;1;-;-;-;1;-;-;-;-;-;-;-;-;-;-;-;-;-;-;-;-;-;-;-;-;-;-;-;-;-;-;-;2
".....  JAIBA";1;2;-;1;1;3;3;1;3;6;5;13;7;3;8;-;-;1;-;-;-;-;-;-;-;-;-;-;-;1;-;-;-;-;-;-;-;-;-;-;-;-;-;59
".....  MATIAS CARDOSO";-;-;-;-;-;-;-;-;-;-;-;1;-;-;-;-;-;-;1;-;-;-;-;-;-;-;-;-;-;-;-;-;-;-;-;-;-;-;-;-;-;-;-;2
".....  MONTE AZUL";-;-;1;2;-;1;-;4;3;5;2;2;4;3;2;3;1;1;-;-;-;-;-;1;2;-;-;-;-;-;-;1;1;-;-;-;-;-;-;-;-;-;-;39
".....  NOVA PORTEIRINHA";-;1;-;1;-;2;-;-;-;-;-;-;-;1;-;-;-;-;-;-;-;-;-;-;-;-;-;-;-;-;-;-;-;-;-;-;-;-;-;-;-;-;-;5
".....  PAI PEDRO";-;-;-;-;-;-;-;-;1;1;-;-;-;-;-;-;-;-;-;-;-;-;-;-;-;-;-;-;-;-;-;-;-;-;-;-;-;-;-;-;-;-;-;2
".....  PORTEIRINHA";-;-;-;1;-;-;-;-;1;-;1;-;-;-;-;1;-;-;-;-;1;-;-;-;-;-;-;-;-;-;-;-;-;-;-;-;-;-;-;1;-;-;-;6
".....  GAMELEIRAS";-;-;-;-;10;8;13;14;13;18;18;10;10;9;5;9;6;3;2;4;-;3;2;1;-;-;1;2;1;-;-;-;-;-;-;-;1;-;-;-;-;-;-;163
".....  ESPINOSA";-;-;1;-;1;-;1;-;2;3;1;3;-;3;4;4;3;-;1;1;2;-;-;-;-;1;2;-;-;-;2;-;-;-;-;-;-;-;-;-;-;-;-;35
".....  JANAUBA";-;3;-;-;4;7;3;4;16;7;4;2;4;2;5;3;5;2;3;-;1;-;-;1;-;-;-;-;-;1;1;-;-;-;-;-;-;-;-;-;1;-;-;79
"31053 Januária";11;23;28;24;38;16;50;53;77;59;70;47;47;66;63;51;23;8;15;2;-;-;-;-;-;-;-;-;-;-;-;-;-;-;-;-;1;-;-;-;-;-;-;772
".....  JANUARIA";11;22;26;22;26;8;22;40;31;1;9;7;3;-;1;1;-;-;-;-;-;-;-;-;-;-;-;-;-;-;-;-;-;-;-;-;1;-;-;-;-;-;-;231
".....  PEDRAS DE MARIA DA CRUZ";-;-;2;-;-;-;1;1;2;-;-;1;-;1;-;-;-;-;-;-;-;-;-;-;-;-;-;-;-;-;-;-;-;-;-;-;-;-;-;-;-;-;-;8
".....  CONEGO MARINHO";-;1;-;-;4;1;7;1;6;3;2;-;-;-;-;-;-;-;-;-;-;-;-;-;-;-;-;-;-;-;-;-;-;-;-;-;-;-;-;-;-;-;-;25
".....  ITACARAMBI";-;-;-;1;1;-;-;3;4;1;-;2;-;-;-;-;-;-;-;-;-;-;-;-;-;-;-;-;-;-;-;-;-;-;-;-;-;-;-;-;-;-;-;12
".....  BONITO DE MINAS";-;-;-;1;7;7;20;8;34;54;59;37;44;65;62;50;23;8;15;2;-;-;-;-;-;-;-;-;-;-;-;-;-;-;-;-;-;-;-;-;-;-;-;496
"31055 Pirapora";-;10;7;24;39;76;94;171;245;152;172;118;52;86;107;95;78;96;54;38;17;12;9;2;7;-;-;-;1;2;2;-;-;-;-;-;-;1;-;-;-;-;-;1767
".....  IBIAI";-;-;-;-;-;-;-;-;-;1;-;6;3;6;11;4;-;-;-;-;1;3;-;-;-;-;-;-;-;-;1;-;-;-;-;-;-;-;-;-;-;-;-;36
".....  LASSANCE";-;2;1;7;20;55;65;130;207;111;131;62;14;6;1;1;6;-;1;1;1;1;1;-;-;-;-;-;-;-;-;-;-;-;-;-;-;-;-;-;-;-;-;824
".....  PONTO CHIQUE";-;-;-;-;2;-;-;1;-;-;1;-;2;17;47;39;28;8;2;11;-;-;-;1;-;-;-;-;-;-;1;-;-;-;-;-;-;-;-;-;-;-;-;160
".....  PIRAPORA";-;7;5;15;16;16;27;28;21;33;29;18;11;20;14;10;15;12;8;11;8;4;5;1;7;-;-;-;1;1;-;-;-;-;-;-;-;1;-;-;-;-;-;344
".....  VARZEA DA PALMA";-;1;1;2;1;2;1;10;12;7;9;28;22;37;32;41;27;73;41;15;7;4;3;-;-;-;-;-;-;-;-;-;-;-;-;-;-;-;-;-;-;-;-;376
".....  BURITIZEIRO";-;-;-;-;-;3;1;2;5;-;2;4;-;-;2;-;2;3;2;-;-;-;-;-;-;-;-;-;-;1;-;-;-;-;-;-;-;-;-;-;-;-;-;27
"31057 Patos de Minas";1;1;1;6;8;7;2;7;12;6;7;6;9;6;7;7;5;-;4;2;5;-;6;3;1;3;1;-;-;2;-;-;-;-;1;-;-;1;-;-;-;-;-;127
".....  PATOS DE MINAS";-;1;-;5;8;7;2;6;10;4;5;5;8;4;5;5;5;-;3;2;3;-;1;1;-;2;1;-;-;-;-;-;-;-;1;-;-;1;-;-;-;-;-;95
".....  SAO GONCALO DO ABAETE";-;-;-;-;-;-;-;-;-;1;-;-;-;-;-;-;-;-;-;-;-;-;-;-;-;-;-;-;-;-;-;-;-;-;-;-;-;-;-;-;-;-;-;1
".....  CRUZEIRO DA FORTALEZA";-;-;-;-;-;-;-;-;-;-;-;-;-;-;1;1;-;-;-;-;-;-;1;-;-;-;-;-;-;-;-;-;-;-;-;-;-;-;-;-;-;-;-;3
".....  GUARDA-MOR";-;-;-;-;-;-;-;-;-;1;2;-;-;-;-;-;-;-;-;-;-;-;-;-;-;-;-;-;-;-;-;-;-;-;-;-;-;-;-;-;-;-;-;3
".....  LAGOA FORMOSA";-;-;-;1;-;-;-;-;-;-;-;1;-;-;-;1;-;-;-;-;-;-;-;-;-;-;-;-;-;-;-;-;-;-;-;-;-;-;-;-;-;-;-;3
".....  VAZANTE";-;-;1;-;-;-;-;-;-;-;-;-;-;-;-;-;-;-;-;-;-;-;-;-;-;-;-;-;-;-;-;-;-;-;-;-;-;-;-;-;-;-;-;1
".....  SERRA DO SALITRE";1;-;-;-;-;-;-;1;2;-;-;-;1;2;1;-;-;-;1;-;2;-;4;1;1;1;-;-;-;1;-;-;-;-;-;-;-;-;-;-;-;-;-;19
".....  VARJAO DE MINAS";-;-;-;-;-;-;-;-;-;-;-;-;-;-;-;-;-;-;-;-;-;-;-;1;-;-;-;-;-;1;-;-;-;-;-;-;-;-;-;-;-;-;-;2
"31058 Unaí/Paracatu";-;2;1;3;8;2;8;7;20;16;24;35;36;37;50;32;56;58;74;28;46;20;35;16;29;16;13;10;12;16;6;5;2;8;2;2;1;4;2;1;2;1;-;746
".....  UNAI";-;-;-;-;2;-;-;3;-;-;-;1;2;-;1;-;3;-;2;-;-;-;2;1;-;-;-;-;-;-;-;-;-;2;-;-;-;1;-;-;-;-;-;20
".....  BONFINOPOLIS DE MINAS";-;-;-;-;-;-;-;-;2;1;-;-;-;-;-;-;-;-;-;-;-;-;-;-;-;-;-;-;-;-;-;-;-;-;-;-;-;-;-;-;-;-;-;3
".....  ARINOS";-;-;1;-;-;-;-;-;-;-;-;-;-;-;-;-;1;-;-;-;-;-;-;-;-;2;-;-;-;-;-;-;-;-;-;-;-;-;-;-;-;-;-;4
".....  PARACATU";-;2;-;-;6;2;6;4;16;12;22;28;27;37;49;31;51;57;72;27;46;20;33;15;29;14;13;10;12;16;6;5;2;6;2;2;1;3;2;1;2;1;-;690
".....  CHAPADA GAUCHA";-;-;-;3;-;-;1;-;1;-;-;1;-;-;-;-;-;-;-;1;-;-;-;-;-;-;-;-;-;-;-;-;-;-;-;-;-;-;-;-;-;-;-;7
".....  RIACHINHO";-;-;-;-;-;-;-;-;-;-;-;3;1;-;-;-;-;-;-;-;-;-;-;-;-;-;-;-;-;-;-;-;-;-;-;-;-;-;-;-;-;-;-;4
".....  DOM BOSCO";-;-;-;-;-;-;1;-;1;-;-;-;-;-;-;-;-;-;-;-;-;-;-;-;-;-;-;-;-;-;-;-;-;-;-;-;-;-;-;-;-;-;-;2
".....  NATALANDIA";-;-;-;-;-;-;-;-;-;3;2;2;6;-;-;1;1;1;-;-;-;-;-;-;-;-;-;-;-;-;-;-;-;-;-;-;-;-;-;-;-;-;-;16
"31059 Manhuaçu";1;1;-;2;2;5;18;48;42;38;36;38;34;60;87;116;57;28;80;46;41;44;17;18;18;18;16;2;2;1;2;2;1;1;23;23;10;24;34;11;5;10;1;1063
".....  SIMONESIA";-;-;-;-;-;-;-;2;-;-;1;-;-;-;-;-;-;1;-;-;-;-;1;-;-;1;-;1;-;-;-;-;-;-;-;-;-;-;-;-;-;1;-;8
".....  MANHUMIRIM";-;-;-;-;-;-;-;1;-;-;-;-;-;2;-;-;-;1;1;-;-;-;-;-;-;1;1;-;-;-;1;-;-;-;2;-;-;1;1;1;1;-;-;14
".....  IPANEMA";-;-;-;-;-;1;1;5;11;12;3;4;6;5;4;4;1;-;4;-;-;-;1;-;1;1;-;-;-;-;-;1;-;-;-;-;-;-;-;-;-;-;-;65
".....  SAO JOAO DO MANHUACU";-;-;-;-;-;-;1;-;-;1;-;-;-;-;-;2;-;-;-;-;-;-;-;-;-;-;-;-;-;-;-;-;-;-;-;-;-;-;-;-;-;-;-;4
".....  MARTINS SOARES";-;-;-;-;-;-;-;-;-;-;-;-;-;-;-;-;-;-;-;-;-;-;-;-;-;-;1;-;-;-;-;-;-;-;-;-;-;-;-;-;-;-;-;1
".....  TAPARUBA";-;-;-;-;-;-;-;-;-;-;-;-;-;1;1;1;1;-;-;1;1;4;1;2;1;3;-;-;1;-;-;-;-;1;20;21;10;23;32;10;4;5;-;144
".....  MANHUACU";-;-;-;-;1;4;11;38;25;22;22;32;22;45;74;101;51;25;73;42;39;38;13;14;12;12;11;1;1;-;1;1;1;-;1;1;-;-;1;-;-;-;-;735
".....  LUISBURGO";-;-;-;-;-;-;-;-;-;-;-;-;-;-;1;-;-;-;-;-;-;-;-;1;1;-;-;-;-;-;-;-;-;-;-;-;-;-;-;-;-;-;1;4
".....  CHALE";-;-;-;-;-;-;-;-;-;-;1;-;-;2;4;1;-;-;-;-;-;-;-;-;-;-;-;-;-;-;-;-;-;-;-;-;-;-;-;-;-;-;-;8
".....  SAO JOSE DO MANTIMENTO";-;-;-;1;-;-;-;-;-;-;-;-;-;-;-;-;-;-;-;-;-;-;-;-;-;-;-;-;-;-;-;-;-;-;-;-;-;-;-;-;-;-;-;1
".....  ALTO CAPARAO";-;-;-;-;-;-;-;1;-;-;-;-;-;-;-;-;-;-;-;-;-;-;-;-;-;-;-;-;-;-;-;-;-;-;-;-;-;-;-;-;-;-;-;1
".....  DURANDE";-;-;-;1;-;-;-;-;-;-;1;-;-;-;-;-;-;-;-;-;-;-;-;-;-;-;-;-;-;-;-;-;-;-;-;-;-;-;-;-;-;-;-;2
".....  POCRANE";-;-;-;-;-;-;-;1;1;-;-;-;-;2;-;1;1;-;-;-;-;-;-;-;-;-;-;-;-;-;-;-;-;-;-;-;-;-;-;-;-;-;-;6
".....  CAPUTIRA";-;-;-;-;-;-;1;-;1;-;-;-;1;-;-;-;-;-;1;1;1;-;-;-;-;-;-;-;-;-;-;-;-;-;-;-;-;-;-;-;-;-;-;6
".....  CONCEICAO DE IPANEMA";-;-;-;-;-;-;-;-;1;-;-;-;1;1;-;2;-;-;-;-;-;-;-;-;-;-;-;-;-;-;-;-;-;-;-;-;-;-;-;-;-;-;-;5
".....  REDUTO";1;-;-;-;1;-;4;-;1;-;3;-;3;-;-;1;1;1;-;-;-;-;-;-;-;-;-;-;-;-;-;-;-;-;-;-;-;-;-;-;-;-;-;16
".....  SANTA MARGARIDA";-;1;-;-;-;-;-;-;1;-;-;-;-;1;-;-;-;-;-;-;-;-;-;-;1;-;-;-;-;-;-;-;-;-;-;-;-;-;-;-;-;-;-;4
".....  SANTANA DO MANHUACU";-;-;-;-;-;-;-;-;-;-;-;-;1;-;1;-;-;-;-;-;-;-;-;-;-;-;2;-;-;-;-;-;-;-;-;-;-;-;-;-;-;-;-;4
".....  MATIPO";-;-;-;-;-;-;-;-;1;2;5;2;-;1;1;3;2;-;1;1;-;1;-;1;2;-;-;-;-;-;-;-;-;-;-;-;-;-;-;-;-;-;-;23
".....  ABRE CAMPO";-;-;-;-;-;-;-;-;-;1;-;-;-;-;1;-;-;-;-;1;-;1;-;-;-;-;1;-;-;-;-;-;-;-;-;1;-;-;-;-;-;-;-;6
".....  MUTUM";-;-;-;-;-;-;-;-;-;-;-;-;-;-;-;-;-;-;-;-;-;-;1;-;-;-;-;-;-;1;-;-;-;-;-;-;-;-;-;-;-;4;-;6
"31060 Ponte Nova";15;46;43;69;56;102;72;111;167;204;285;305;194;223;209;155;143;102;78;183;71;52;66;16;104;17;51;54;15;11;8;9;2;2;-;1;2;1;1;3;2;1;-;3251
".....  RIO CASCA";-;-;1;3;15;34;26;33;57;86;152;158;77;87;56;73;30;6;2;5;-;-;-;1;-;-;1;-;-;-;-;-;-;-;-;-;-;-;-;-;-;-;-;903
".....  DOM SILVERIO";-;-;-;-;-;-;-;2;-;1;-;1;6;4;1;4;3;-;1;4;2;1;1;-;3;-;-;-;-;-;-;-;-;-;-;-;-;-;-;-;-;-;-;34
".....  SANTA CRUZ DO ESCALVADO";-;-;-;-;-;-;-;-;-;1;1;2;-;-;1;-;-;-;-;-;-;-;-;-;-;-;-;-;-;-;-;-;-;-;-;-;-;-;-;-;-;-;-;5
".....  ACAIACA";-;2;-;-;1;-;-;-;-;-;4;-;-;-;-;-;-;-;-;-;-;-;-;-;-;-;-;-;-;-;-;-;-;-;-;-;-;-;-;-;-;-;-;7
".....  BARRA LONGA";-;-;-;-;-;-;-;-;-;-;-;-;-;-;2;-;-;1;-;-;-;-;-;-;-;-;-;-;-;-;-;-;-;-;-;-;-;-;-;-;-;-;-;3
".....  SEM-PEIXE";-;-;-;-;-;-;3;7;26;25;34;32;29;29;20;9;7;19;4;6;-;-;-;-;-;-;1;-;-;-;-;-;-;-;-;-;-;-;-;-;-;-;-;251
".....  JEQUERI";-;-;-;-;-;-;-;3;1;2;-;-;-;-;-;2;-;-;-;-;-;-;-;-;-;-;-;-;-;-;-;-;-;-;-;-;-;-;-;-;-;-;-;8
".....  AMPARO DO SERRA";-;-;-;-;-;-;-;-;-;-;-;1;-;-;-;-;-;-;-;-;-;1;-;-;-;-;-;-;-;-;-;-;-;-;-;-;-;-;-;-;-;-;-;2
".....  ALVINOPOLIS";-;-;-;-;4;3;6;27;21;25;21;21;17;35;37;19;10;7;7;2;2;2;-;-;-;-;1;-;-;-;1;-;-;-;-;-;-;-;-;-;-;-;-;268
".....  GUARACIABA";-;-;1;-;-;-;-;1;-;2;2;5;2;6;3;1;4;1;1;3;-;-;2;-;-;-;3;1;-;-;-;-;-;-;-;-;-;-;1;2;-;-;-;41
".....  SAO PEDRO DOS FERROS";-;-;-;-;-;-;-;-;3;-;-;1;-;-;3;-;-;-;1;-;-;-;-;-;-;-;-;-;-;-;-;-;-;-;-;-;-;-;-;-;1;-;-;9
".....  RIO DOCE";-;-;-;-;1;-;-;-;2;-;-;1;-;-;-;-;-;-;1;-;-;-;-;-;-;-;-;-;-;-;-;-;-;-;-;-;-;-;-;-;-;-;-;5
".....  RAUL SOARES";2;-;-;-;-;4;2;2;4;7;5;10;5;6;13;7;16;7;6;10;7;1;2;1;-;2;-;-;-;-;1;-;1;-;-;1;-;-;-;-;-;-;-;122
".....  SAO JOSE DO GOIABAL";13;40;38;65;33;50;17;6;16;17;8;3;5;3;6;-;1;-;-;-;-;-;-;-;-;-;-;-;-;-;-;-;-;-;-;-;-;-;-;-;-;-;-;321
".....  SANTO ANTONIO DO GRAMA";-;-;1;-;-;-;-;-;-;-;-;-;-;-;-;-;-;-;-;-;-;-;-;-;-;-;-;-;-;-;-;-;-;-;-;-;-;-;-;-;-;-;-;1
".....  URUCANIA";-;-;-;-;-;-;-;1;-;-;-;-;1;1;-;-;-;-;-;-;-;-;-;1;-;-;-;-;-;-;-;-;-;-;-;-;-;-;-;-;-;-;-;4
".....  ORATORIOS";-;-;-;-;-;-;-;-;-;-;-;-;-;1;-;-;1;-;-;-;-;-;-;-;-;-;-;-;-;-;-;-;-;-;-;-;-;-;-;-;-;-;-;2
".....  PONTE NOVA";-;4;2;1;2;11;17;29;37;38;58;70;52;51;66;40;71;61;55;153;60;47;61;13;101;15;45;53;15;11;6;9;1;2;-;-;2;1;-;1;1;1;-;1263
".....  PIEDADE DE PONTE NOVA";-;-;-;-;-;-;1;-;-;-;-;-;-;-;1;-;-;-;-;-;-;-;-;-;-;-;-;-;-;-;-;-;-;-;-;-;-;-;-;-;-;-;-;2
"31061 Viçosa";-;-;3;1;2;-;1;5;5;3;6;13;13;14;7;7;2;15;4;4;3;1;2;6;-;2;5;-;2;-;-;-;2;-;-;-;-;1;-;-;-;-;-;129
".....  PAULA CANDIDO";-;-;-;-;-;-;-;-;-;-;-;3;-;4;2;-;-;7;-;2;1;-;-;-;-;-;-;-;-;-;-;-;-;-;-;-;-;-;-;-;-;-;-;19
".....  CANAA";-;-;-;-;-;-;-;-;2;-;-;-;-;-;-;-;-;-;-;-;-;-;-;-;-;-;-;-;-;-;-;-;-;-;-;-;-;-;-;-;-;-;-;2
".....  CAJURI";-;-;-;-;-;-;-;-;-;-;-;-;-;-;-;1;-;-;-;-;-;-;-;-;-;-;-;-;-;-;-;-;-;-;-;-;-;-;-;-;-;-;-;1
".....  SAO MIGUEL DO ANTA";-;-;-;-;-;-;-;-;-;-;-;-;-;-;1;-;-;-;-;-;-;-;-;-;-;-;-;-;-;-;-;-;-;-;-;-;-;-;-;-;-;-;-;1
".....  PORTO FIRME";-;-;-;-;-;-;-;1;-;-;-;1;-;-;-;-;-;1;-;-;-;-;-;-;-;-;-;-;-;-;-;-;-;-;-;-;-;-;-;-;-;-;-;3
".....  VICOSA";-;-;3;1;2;-;1;4;3;3;3;5;3;6;3;4;1;6;3;1;1;1;-;6;-;2;5;-;2;-;-;-;2;-;-;-;-;1;-;-;-;-;-;72
".....  PEDRA DO ANTA";-;-;-;-;-;-;-;-;-;-;3;3;10;4;1;2;1;1;1;1;-;-;2;-;-;-;-;-;-;-;-;-;-;-;-;-;-;-;-;-;-;-;-;29
".....  ARAPONGA";-;-;-;-;-;-;-;-;-;-;-;1;-;-;-;-;-;-;-;-;1;-;-;-;-;-;-;-;-;-;-;-;-;-;-;-;-;-;-;-;-;-;-;2
"31062 Águas Formosas";1;1;1;-;5;3;2;4;4;6;25;4;3;3;3;4;11;7;6;5;1;1;1;-;1;2;-;1;1;4;1;-;-;-;-;-;-;-;-;-;-;-;-;111
".....  CRISOLITA";-;-;-;-;1;-;-;-;-;-;-;-;-;-;-;-;-;2;1;-;-;-;-;-;-;-;-;-;-;-;-;-;-;-;-;-;-;-;-;-;-;-;-;4
".....  SANTA HELENA DE MINAS";-;-;-;-;-;1;-;1;-;-;3;-;2;-;-;-;-;1;-;-;-;-;-;-;-;-;-;-;-;-;-;-;-;-;-;-;-;-;-;-;-;-;-;8
".....  UMBURATIBA";-;-;-;-;-;-;-;2;1;1;-;-;-;1;-;1;-;-;-;-;-;-;-;-;-;-;-;-;-;-;-;-;-;-;-;-;-;-;-;-;-;-;-;6
".....  AGUAS FORMOSAS";-;-;-;-;-;2;-;1;-;-;1;-;-;-;1;-;-;-;-;-;-;-;1;-;-;-;-;-;-;-;-;-;-;-;-;-;-;-;-;-;-;-;-;6
".....  PAVAO";-;-;1;-;3;-;-;-;-;1;1;-;-;-;-;-;-;-;-;1;1;-;-;-;1;1;-;-;-;-;-;-;-;-;-;-;-;-;-;-;-;-;-;10
".....  BERTOPOLIS";-;-;-;-;-;-;-;-;-;2;-;-;-;-;1;1;-;-;-;-;-;-;-;-;-;-;-;-;-;-;-;-;-;-;-;-;-;-;-;-;-;-;-;4
".....  FRONTEIRA DOS VALES";1;1;-;-;1;-;1;-;-;-;-;-;-;-;-;-;-;-;-;-;-;-;-;-;-;-;-;-;-;-;-;-;-;-;-;-;-;-;-;-;-;-;-;4
".....  MACHACALIS";-;-;-;-;-;-;1;-;3;2;20;4;1;2;1;2;11;4;5;4;-;1;-;-;-;1;-;1;1;4;1;-;-;-;-;-;-;-;-;-;-;-;-;69
"31064 Araçuaí";-;-;-;5;4;1;2;4;9;10;10;8;4;11;6;9;6;2;2;1;2;1;2;-;1;2;-;-;-;-;1;-;-;-;-;-;-;-;-;-;-;-;-;103
".....  ARACUAI";-;-;-;2;1;-;1;2;9;9;9;8;4;10;5;8;3;2;-;-;1;-;1;-;1;1;-;-;-;-;1;-;-;-;-;-;-;-;-;-;-;-;-;78
".....  CORONEL MURTA";-;-;-;1;-;-;-;-;-;-;1;-;-;-;-;-;2;-;-;-;-;-;-;-;-;-;-;-;-;-;-;-;-;-;-;-;-;-;-;-;-;-;-;4
".....  FRANCISCO BADARO";-;-;-;-;2;-;-;1;-;-;-;-;-;-;-;-;-;-;-;-;-;-;-;-;-;-;-;-;-;-;-;-;-;-;-;-;-;-;-;-;-;-;-;3
".....  VIRGEM DA LAPA";-;-;-;2;1;-;-;-;-;1;-;-;-;1;1;1;1;-;2;1;1;1;1;-;-;1;-;-;-;-;-;-;-;-;-;-;-;-;-;-;-;-;-;15
".....  BERILO";-;-;-;-;-;1;1;-;-;-;-;-;-;-;-;-;-;-;-;-;-;-;-;-;-;-;-;-;-;-;-;-;-;-;-;-;-;-;-;-;-;-;-;2
".....  JENIPAPO DE MINAS";-;-;-;-;-;-;-;1;-;-;-;-;-;-;-;-;-;-;-;-;-;-;-;-;-;-;-;-;-;-;-;-;-;-;-;-;-;-;-;-;-;-;-;1
"31065 Itaobim";4;3;4;1;2;1;4;11;25;31;27;13;4;8;4;2;4;3;2;2;1;-;1;-;-;-;-;-;-;-;1;-;-;1;-;1;-;-;-;-;-;-;-;160
".....  ITAOBIM";4;-;-;-;-;1;-;-;1;1;-;2;-;-;1;-;-;-;1;-;-;-;-;-;-;-;-;-;-;-;-;-;-;-;-;-;-;-;-;-;-;-;-;11
".....  ITINGA";-;3;-;-;-;-;3;5;1;3;6;2;-;1;1;1;-;-;-;-;-;-;-;-;-;-;-;-;-;-;-;-;-;-;-;1;-;-;-;-;-;-;-;27
".....  MEDINA";-;-;1;-;-;-;1;-;6;-;5;1;3;4;2;1;4;3;-;2;-;-;-;-;-;-;-;-;-;-;1;-;-;1;-;-;-;-;-;-;-;-;-;35
".....  PONTO DOS VOLANTES";-;-;-;-;-;-;-;2;10;8;5;7;-;3;-;-;-;-;-;-;-;-;1;-;-;-;-;-;-;-;-;-;-;-;-;-;-;-;-;-;-;-;-;36
".....  MONTE FORMOSO";-;-;-;-;-;-;-;3;7;19;11;1;1;-;-;-;-;-;-;-;-;-;-;-;-;-;-;-;-;-;-;-;-;-;-;-;-;-;-;-;-;-;-;42
".....  COMERCINHO";-;-;3;1;2;-;-;1;-;-;-;-;-;-;-;-;-;-;1;-;1;-;-;-;-;-;-;-;-;-;-;-;-;-;-;-;-;-;-;-;-;-;-;9
"31066 Nanuque";2;2;1;9;11;26;13;36;29;29;43;39;45;45;51;34;23;35;29;21;31;22;26;15;16;20;14;11;4;5;2;2;1;2;3;5;2;2;-;-;-;-;-;706
".....  CARLOS CHAGAS";-;-;-;-;-;-;-;1;1;-;1;-;-;1;-;1;-;-;-;-;1;-;-;-;-;-;-;-;-;-;-;-;-;-;-;1;-;-;-;-;-;-;-;7
".....  SERRA DOS AIMORES";-;-;-;1;1;-;1;-;-;1;8;3;8;7;12;9;1;3;1;4;5;4;5;4;6;7;6;7;1;-;-;-;1;-;-;1;-;-;-;-;-;-;-;107
".....  NANUQUE";2;2;1;8;10;26;12;35;28;28;34;36;37;37;39;24;22;32;28;17;25;18;21;11;10;13;8;4;3;5;2;2;-;2;3;3;2;2;-;-;-;-;-;592
"31067 Padre Paraíso";-;-;-;2;-;1;2;-;2;1;9;3;2;2;3;2;1;-;-;2;1;-;1;-;-;-;-;-;-;-;-;-;-;-;-;-;-;-;-;-;-;-;-;34
".....  CARAI";-;-;-;-;-;1;2;-;1;-;2;2;1;2;1;1;1;-;-;-;-;-;1;-;-;-;-;-;-;-;-;-;-;-;-;-;-;-;-;-;-;-;-;15
".....  CATUJI";-;-;-;-;-;-;-;-;1;-;-;-;-;-;2;-;-;-;-;-;-;-;-;-;-;-;-;-;-;-;-;-;-;-;-;-;-;-;-;-;-;-;-;3
".....  PADRE PARAISO";-;-;-;-;-;-;-;-;-;1;5;-;-;-;-;1;-;-;-;1;-;-;-;-;-;-;-;-;-;-;-;-;-;-;-;-;-;-;-;-;-;-;-;8
".....  ITAIPE";-;-;-;2;-;-;-;-;-;-;2;1;1;-;-;-;-;-;-;1;1;-;-;-;-;-;-;-;-;-;-;-;-;-;-;-;-;-;-;-;-;-;-;8
"31068 Pedra azul";-;-;3;-;6;11;5;17;22;33;30;35;18;29;19;11;8;4;-;3;2;-;-;-;-;-;-;-;-;-;-;-;-;-;-;-;-;-;-;-;-;-;-;256
".....  DIVISA ALEGRE";-;-;-;-;-;-;-;1;2;-;-;-;-;-;-;-;-;-;-;-;-;-;-;-;-;-;-;-;-;-;-;-;-;-;-;-;-;-;-;-;-;-;-;3
".....  PEDRA AZUL";-;-;3;-;6;11;5;16;20;33;30;35;18;28;19;11;8;4;-;3;2;-;-;-;-;-;-;-;-;-;-;-;-;-;-;-;-;-;-;-;-;-;-;252
".....  CACHOEIRA DE PAJEU";-;-;-;-;-;-;-;-;-;-;-;-;-;1;-;-;-;-;-;-;-;-;-;-;-;-;-;-;-;-;-;-;-;-;-;-;-;-;-;-;-;-;-;1
"31070 Araxá";-;-;-;1;1;3;2;3;3;1;4;1;2;4;3;1;1;2;-;-;3;1;-;1;1;2;2;-;-;-;-;-;1;-;1;-;-;-;-;-;-;-;-;44
".....  CAMPOS ALTOS";-;-;-;-;-;-;-;-;-;-;1;-;-;-;-;-;-;-;-;-;2;-;-;-;-;-;-;-;-;-;-;-;-;-;-;-;-;-;-;-;-;-;-;3
".....  ARAXA";-;-;-;1;-;-;-;3;-;1;2;-;2;3;1;1;-;2;-;-;1;-;-;-;-;2;-;-;-;-;-;-;-;-;-;-;-;-;-;-;-;-;-;19
".....  IBIA";-;-;-;-;-;-;-;-;-;-;1;-;-;1;1;-;1;-;-;-;-;-;-;1;-;-;-;-;-;-;-;-;1;-;-;-;-;-;-;-;-;-;-;6
".....  PERDIZES";-;-;-;-;-;-;-;-;-;-;-;-;-;-;-;-;-;-;-;-;-;-;-;-;1;-;-;-;-;-;-;-;-;-;-;-;-;-;-;-;-;-;-;1
".....  TAPIRA";-;-;-;-;-;-;-;-;-;-;-;-;-;-;1;-;-;-;-;-;-;1;-;-;-;-;-;-;-;-;-;-;-;-;-;-;-;-;-;-;-;-;-;2
".....  SANTA JULIANA";-;-;-;-;-;-;-;-;3;-;-;1;-;-;-;-;-;-;-;-;-;-;-;-;-;-;-;-;-;-;-;-;-;-;-;-;-;-;-;-;-;-;-;4
".....  PRATINHA";-;-;-;-;-;-;1;-;-;-;-;-;-;-;-;-;-;-;-;-;-;-;-;-;-;-;-;-;-;-;-;-;-;-;1;-;-;-;-;-;-;-;-;2
".....  PEDRINOPOLIS";-;-;-;-;1;3;1;-;-;-;-;-;-;-;-;-;-;-;-;-;-;-;-;-;-;-;2;-;-;-;-;-;-;-;-;-;-;-;-;-;-;-;-;7
"31071 Frutal/Iturama";1;6;6;11;7;8;10;11;14;9;23;9;13;35;23;18;27;18;15;9;12;5;4;1;12;7;4;-;2;2;1;1;2;2;-;1;-;1;1;1;-;-;-;332
".....  SAO FRANCISCO DE SALES";-;-;-;-;-;-;1;-;-;-;-;-;-;-;-;-;-;-;-;-;1;3;1;-;2;1;-;-;-;-;-;-;-;-;-;-;-;-;-;-;-;-;-;9
".....  UNIAO DE MINAS";-;-;-;-;-;-;-;-;-;-;-;-;-;-;-;-;-;-;-;-;-;-;-;-;-;-;-;-;-;-;1;-;-;-;-;-;-;-;-;-;-;-;-;1
".....  ITURAMA";-;-;-;1;1;-;-;-;-;1;1;-;-;-;-;1;-;1;-;1;-;-;-;-;1;-;-;-;-;1;-;-;1;-;-;-;-;-;-;-;-;-;-;10
".....  LIMEIRA DO OESTE";-;-;-;-;-;-;-;-;1;-;10;4;6;32;19;12;20;16;10;3;3;1;-;1;7;4;-;-;-;-;-;1;-;-;-;-;-;-;-;-;-;-;-;150
".....  FRONTEIRA";1;4;6;6;2;2;5;3;1;1;-;-;-;-;-;1;-;-;-;-;-;-;1;-;-;-;-;-;-;-;-;-;1;-;-;-;-;1;-;1;-;-;-;36
".....  FRUTAL";-;2;-;1;4;5;4;8;11;5;11;5;6;3;2;4;7;-;5;4;6;1;2;-;1;-;3;-;2;1;-;-;-;1;-;1;-;-;1;-;-;-;-;106
".....  PIRAJUBA";-;-;-;-;-;-;-;-;-;-;-;-;-;-;-;-;-;-;-;1;-;-;-;-;-;-;-;-;-;-;-;-;-;-;-;-;-;-;-;-;-;-;-;1
".....  PLANURA";-;-;-;3;-;-;-;-;-;-;1;-;-;-;-;-;-;-;-;-;-;-;-;-;-;-;-;-;-;-;-;-;-;1;-;-;-;-;-;-;-;-;-;5
".....  CARNEIRINHO";-;-;-;-;-;-;-;-;-;1;-;-;-;-;-;-;-;-;-;-;-;-;-;-;1;-;-;-;-;-;-;-;-;-;-;-;-;-;-;-;-;-;-;2
".....  COMENDADOR GOMES";-;-;-;-;-;1;-;-;-;1;-;-;-;-;-;-;-;-;-;-;-;-;-;-;-;-;-;-;-;-;-;-;-;-;-;-;-;-;-;-;-;-;-;2
".....  ITAPAGIPE";-;-;-;-;-;-;-;-;1;-;-;-;1;-;2;-;-;1;-;-;2;-;-;-;-;2;1;-;-;-;-;-;-;-;-;-;-;-;-;-;-;-;-;10
"31072 Uberaba";2;4;2;5;11;12;23;17;22;24;46;36;43;33;43;67;81;59;105;104;80;51;54;57;36;21;29;17;21;16;9;8;5;10;2;2;7;3;1;1;1;-;-;1170
".....  SACRAMENTO";-;-;-;-;-;-;-;-;1;2;1;-;3;2;-;2;1;-;-;-;-;-;-;-;-;-;-;-;1;-;-;1;-;1;-;-;1;-;-;-;-;-;-;16
".....  UBERABA";2;4;2;1;4;7;12;4;8;4;13;9;20;16;29;33;47;38;54;45;45;23;31;20;29;11;17;8;9;10;3;5;2;8;2;2;6;3;1;1;1;-;-;589
".....  CAMPO FLORIDO";-;-;-;4;5;5;11;12;13;18;32;24;20;15;12;23;16;15;5;17;17;4;7;6;2;4;7;-;2;1;1;-;-;-;-;-;-;-;-;-;-;-;-;298
".....  CONCEICAO DAS ALAGOAS";-;-;-;-;1;-;-;1;-;-;-;3;-;-;2;9;17;6;46;40;17;23;16;31;5;6;5;9;9;5;5;2;3;1;-;-;-;-;-;-;-;-;-;262
".....  AGUA COMPRIDA";-;-;-;-;-;-;-;-;-;-;-;-;-;-;-;-;-;-;-;2;-;1;-;-;-;-;-;-;-;-;-;-;-;-;-;-;-;-;-;-;-;-;-;3
".....  VERISSIMO";-;-;-;-;1;-;-;-;-;-;-;-;-;-;-;-;-;-;-;-;-;-;-;-;-;-;-;-;-;-;-;-;-;-;-;-;-;-;-;-;-;-;-;1
".....  CONQUISTA";-;-;-;-;-;-;-;-;-;-;-;-;-;-;-;-;-;-;-;-;1;-;-;-;-;-;-;-;-;-;-;-;-;-;-;-;-;-;-;-;-;-;-;1
"31073 Ituiutaba";-;2;-;2;1;4;3;8;13;12;17;30;22;24;35;66;47;61;71;102;99;84;98;59;55;46;56;70;29;29;26;16;8;12;9;6;11;10;3;1;2;-;2;1251
".....  GURINHATA";-;-;-;-;-;-;-;-;1;-;-;-;-;-;1;1;-;-;1;-;-;-;-;-;-;-;-;-;-;-;-;-;-;-;-;-;-;-;-;-;-;-;-;4
".....  CENTRALINA";-;-;-;-;-;-;-;-;-;-;-;-;1;-;-;2;6;6;1;10;12;12;13;11;13;6;5;3;-;3;1;1;-;-;-;1;-;-;-;-;-;-;-;107
".....  CACHOEIRA DOURADA";-;-;-;-;-;-;-;-;-;-;-;-;-;1;-;-;-;-;-;-;1;-;3;-;-;-;-;-;-;-;-;1;-;-;-;-;-;-;-;-;-;-;-;6
".....  SANTA VITORIA";-;-;-;1;1;1;-;2;2;-;3;5;2;4;7;1;-;2;-;6;1;4;4;3;2;4;3;-;-;-;1;1;-;-;-;-;2;-;-;-;-;-;-;62
".....  CAPINOPOLIS";-;-;-;-;-;-;-;-;-;3;-;2;-;-;-;1;1;-;-;1;1;-;-;-;1;-;2;1;-;-;1;-;-;3;2;-;1;5;-;1;-;-;-;26
".....  IPIACU";-;-;-;-;-;-;-;-;-;-;-;-;-;1;2;1;2;4;-;1;-;-;1;-;-;-;-;-;-;-;-;-;-;-;-;-;-;-;-;-;-;-;-;12
".....  CAMPINA VERDE";-;1;-;-;-;1;-;-;-;1;3;3;3;1;4;6;9;6;11;22;18;8;6;7;3;4;4;1;-;-;-;1;-;1;-;-;-;-;-;-;-;-;-;124
".....  CANAPOLIS";-;-;-;-;-;-;1;-;1;3;-;-;-;-;2;1;1;2;3;-;2;5;-;6;4;3;-;1;-;1;-;1;-;-;-;-;-;-;-;-;-;-;-;37
".....  ITUIUTABA";-;1;-;1;-;2;2;6;9;5;11;20;16;17;19;53;28;41;55;62;64;55;71;32;32;29;42;64;29;25;23;11;8;8;7;5;8;5;3;-;2;-;2;873
"31074 Patrocínio/Monte Carmelo";-;-;3;-;1;2;-;-;-;1;3;-;-;1;2;-;-;1;-;1;1;-;-;1;-;-;1;1;-;2;-;-;-;-;1;-;-;-;-;-;-;-;-;22
".....  MONTE CARMELO";-;-;-;-;1;-;-;-;-;-;2;-;-;-;1;-;-;-;-;-;-;-;-;1;-;-;1;-;-;1;-;-;-;-;-;-;-;-;-;-;-;-;-;7
".....  IRAI DE MINAS";-;-;-;-;-;-;-;-;-;1;-;-;-;-;1;-;-;-;-;-;1;-;-;-;-;-;-;-;-;-;-;-;-;-;-;-;-;-;-;-;-;-;-;3
".....  COROMANDEL";-;-;3;-;-;1;-;-;-;-;-;-;-;-;-;-;-;-;-;1;-;-;-;-;-;-;-;1;-;-;-;-;-;-;-;-;-;-;-;-;-;-;-;6
".....  DOURADOQUARA";-;-;-;-;-;-;-;-;-;-;1;-;-;-;-;-;-;-;-;-;-;-;-;-;-;-;-;-;-;-;-;-;-;-;-;-;-;-;-;-;-;-;-;1
".....  ESTRELA DO SUL";-;-;-;-;-;1;-;-;-;-;-;-;-;-;-;-;-;-;-;-;-;-;-;-;-;-;-;-;-;-;-;-;-;-;-;-;-;-;-;-;-;-;-;1
".....  ABADIA DOS DOURADOS";-;-;-;-;-;-;-;-;-;-;-;-;-;1;-;-;-;-;-;-;-;-;-;-;-;-;-;-;-;-;-;-;-;-;1;-;-;-;-;-;-;-;-;2
".....  PATROCINIO";-;-;-;-;-;-;-;-;-;-;-;-;-;-;-;-;-;1;-;-;-;-;-;-;-;-;-;-;-;1;-;-;-;-;-;-;-;-;-;-;-;-;-;2
"31075 Uberlândia/Araguari";11;41;33;72;217;396;415;689;957;879;979;1157;651;504;419;476;457;661;858;898;811;434;354;308;206;190;133;119;83;67;46;43;28;43;40;40;38;49;83;72;56;32;5;14050
".....  PRATA";-;1;1;1;3;5;7;28;46;14;17;22;30;22;20;12;9;24;3;16;5;13;5;2;-;1;2;-;1;3;-;-;-;-;-;-;-;-;2;3;-;1;-;319
".....  NOVA PONTE";-;-;-;-;-;-;-;-;-;1;-;-;-;-;-;-;1;-;-;-;-;-;-;-;-;-;-;-;-;-;-;-;-;-;-;-;-;-;-;-;-;-;-;2
".....  CASCALHO RICO";-;-;-;-;-;-;-;-;1;-;-;-;-;-;-;-;-;-;-;-;1;-;-;-;-;-;1;-;-;-;-;-;-;-;-;-;-;-;-;-;-;-;-;3
".....  UBERLANDIA";1;14;4;28;109;95;136;284;442;390;459;673;333;346;298;342;329;529;763;834;764;398;323;281;190;181;125;103;73;60;42;41;27;42;40;37;36;38;53;41;37;10;5;9356
".....  ARAGUARI";9;26;28;43;102;295;272;377;467;472;500;460;287;133;99;119;118;107;88;45;33;20;17;17;8;4;2;9;7;4;1;2;1;1;-;2;1;10;28;26;19;21;-;4280
".....  TUPACIGUARA";-;-;-;-;-;-;-;-;-;-;-;-;-;-;1;2;-;-;-;-;3;1;2;5;2;4;2;5;1;-;3;-;-;-;-;-;1;1;-;1;-;-;-;34
".....  INDIANOPOLIS";-;-;-;-;-;-;-;-;-;-;-;-;-;-;-;-;-;-;1;3;-;-;-;-;-;-;-;1;-;-;-;-;-;-;-;-;-;-;-;-;-;-;-;5
".....  MONTE ALEGRE DE MINAS";1;-;-;-;3;1;-;-;1;2;3;2;1;3;1;1;-;1;3;-;5;2;7;3;6;-;1;1;1;-;-;-;-;-;-;-;-;-;-;-;-;-;-;49
".....  ARAPORA";-;-;-;-;-;-;-;-;-;-;-;-;-;-;-;-;-;-;-;-;-;-;-;-;-;-;-;-;-;-;-;-;-;-;-;1;-;-;-;1;-;-;-;2
"31076 Manga";3;-;-;2;4;6;3;-;1;1;3;-;-;-;-;-;1;-;-;-;-;-;-;1;-;-;-;-;-;-;1;-;-;-;-;-;-;-;-;-;-;-;-;26
".....  JUVENILIA";-;-;-;-;-;1;-;-;-;-;-;-;-;-;-;-;-;-;-;-;-;-;-;1;-;-;-;-;-;-;1;-;-;-;-;-;-;-;-;-;-;-;-;3
".....  MIRAVANIA";-;-;-;-;-;3;1;-;-;-;-;-;-;-;-;-;1;-;-;-;-;-;-;-;-;-;-;-;-;-;-;-;-;-;-;-;-;-;-;-;-;-;-;5
".....  MANGA";3;-;-;2;1;1;-;-;-;-;3;-;-;-;-;-;-;-;-;-;-;-;-;-;-;-;-;-;-;-;-;-;-;-;-;-;-;-;-;-;-;-;-;10
".....  MONTALVANIA";-;-;-;-;-;1;2;-;1;1;-;-;-;-;-;-;-;-;-;-;-;-;-;-;-;-;-;-;-;-;-;-;-;-;-;-;-;-;-;-;-;-;-;5
".....  SAO JOAO DAS MISSOES";-;-;-;-;3;-;-;-;-;-;-;-;-;-;-;-;-;-;-;-;-;-;-;-;-;-;-;-;-;-;-;-;-;-;-;-;-;-;-;-;-;-;-;3
"31077 João Pinheiro";-;-;-;-;1;-;-;2;4;1;-;1;1;1;1;1;4;1;4;1;3;1;3;4;2;1;-;1;-;-;-;-;-;-;-;-;-;-;-;-;1;-;-;39
".....  JOAO PINHEIRO";-;-;-;-;1;-;-;2;4;1;-;1;1;1;1;1;4;1;4;1;3;1;3;4;2;1;-;1;-;-;-;-;-;-;-;-;-;-;-;-;-;-;-;38
".....  BRASILANDIA DE MINAS";-;-;-;-;-;-;-;-;-;-;-;-;-;-;-;-;-;-;-;-;-;-;-;-;-;-;-;-;-;-;-;-;-;-;-;-;-;-;-;-;1;-;-;1
"31078 Congonhas";-;1;1;2;6;3;3;1;13;5;5;8;9;7;5;19;4;6;15;2;-;5;3;3;2;-;-;-;3;2;1;-;1;-;-;-;-;-;-;2;1;-;-;138
".....  ENTRE RIOS DE MINAS";-;-;-;-;-;-;1;-;-;-;-;1;-;-;-;-;-;-;-;-;-;-;-;-;-;-;-;-;-;-;-;-;-;-;-;-;-;-;-;-;-;-;-;2
".....  OURO BRANCO";-;1;-;-;5;1;2;-;-;-;1;-;2;-;-;-;1;-;-;-;-;-;-;-;-;-;-;-;-;-;-;-;-;-;-;-;-;-;-;1;-;-;-;14
".....  JECEABA";-;-;-;-;1;-;-;-;1;-;-;1;1;1;-;5;-;1;6;-;-;-;-;2;-;-;-;-;-;-;-;-;-;-;-;-;-;-;-;-;-;-;-;19
".....  CONGONHAS";-;-;1;-;-;2;-;1;12;4;4;6;6;6;4;13;3;5;9;2;-;5;3;1;2;-;-;-;3;2;1;-;1;-;-;-;-;-;-;1;1;-;-;98
".....  SAO BRAS DO SUACUI";-;-;-;2;-;-;-;-;-;1;-;-;-;-;1;1;-;-;-;-;-;-;-;-;-;-;-;-;-;-;-;-;-;-;-;-;-;-;-;-;-;-;-;5
"31079 Conselheiro Lafaiete";2;4;2;3;4;3;6;3;10;9;11;10;9;8;11;9;8;3;1;3;1;-;1;2;-;-;-;-;1;-;-;1;-;3;-;-;-;-;-;1;-;-;-;129
".....  SANTANA DOS MONTES";-;-;-;-;-;-;-;-;-;-;-;-;-;-;2;-;-;-;-;-;-;-;-;-;-;-;-;-;-;-;-;-;-;-;-;-;-;-;-;-;-;-;-;2
".....  CASA GRANDE";-;-;-;-;-;-;-;-;-;-;-;-;-;-;-;-;-;1;-;-;-;-;-;-;-;-;-;-;-;-;-;-;-;-;-;-;-;-;-;-;-;-;-;1
".....  CATAS ALTAS DA NORUEGA";-;-;-;-;-;-;-;-;-;-;1;-;-;-;-;-;-;-;-;-;-;-;-;-;-;-;-;-;-;-;-;-;-;-;-;-;-;-;-;-;-;-;-;1
".....  CRISTIANO OTONI";-;-;-;-;-;-;-;-;-;-;-;-;-;-;1;-;1;-;-;1;-;-;-;-;-;-;-;-;-;-;-;-;-;-;-;-;-;-;-;-;-;-;-;3
".....  RIO ESPERA";-;-;-;-;-;-;-;-;-;-;-;1;-;-;-;-;-;-;-;-;-;-;-;-;-;-;-;-;-;-;-;-;-;-;-;-;-;-;-;-;-;-;-;1
".....  LAMIM";-;-;-;-;-;-;-;-;-;-;-;-;-;1;-;-;-;-;-;-;-;-;-;-;-;-;-;-;-;-;-;-;-;-;-;-;-;-;-;-;-;-;-;1
".....  CONSELHEIRO LAFAIETE";2;4;2;3;4;3;6;3;10;9;10;9;9;7;8;9;7;2;1;2;1;-;1;2;-;-;-;-;1;-;-;1;-;3;-;-;-;-;-;1;-;-;-;120
"31082 São Gotardo";-;-;-;-;-;2;3;2;-;1;1;2;2;2;7;1;4;1;-;2;3;-;2;2;-;-;1;1;-;-;-;-;-;-;-;-;-;-;-;-;-;-;-;39
".....  RIO PARANAIBA";-;-;-;-;-;-;-;-;-;-;-;-;-;-;4;-;-;-;-;-;-;-;-;-;-;-;1;-;-;-;-;-;-;-;-;-;-;-;-;-;-;-;-;5
".....  SAO GOTARDO";-;-;-;-;-;-;-;-;-;-;-;-;2;-;2;1;3;1;-;1;3;-;2;1;-;-;-;-;-;-;-;-;-;-;-;-;-;-;-;-;-;-;-;16
".....  ARAPUA";-;-;-;-;-;-;-;-;-;1;-;1;-;-;-;-;-;-;-;-;-;-;-;-;-;-;-;-;-;-;-;-;-;-;-;-;-;-;-;-;-;-;-;2
".....  MATUTINA";-;-;-;-;-;1;2;1;-;-;1;-;-;-;-;-;1;-;-;-;-;-;-;-;-;-;-;-;-;-;-;-;-;-;-;-;-;-;-;-;-;-;-;6
".....  CARMO DO PARANAIBA";-;-;-;-;-;1;1;1;-;-;-;1;-;2;1;-;-;-;-;1;-;-;-;1;-;-;-;-;-;-;-;-;-;-;-;-;-;-;-;-;-;-;-;9
".....  SANTA ROSA DA SERRA";-;-;-;-;-;-;-;-;-;-;-;-;-;-;-;-;-;-;-;-;-;-;-;-;-;-;-;1;-;-;-;-;-;-;-;-;-;-;-;-;-;-;-;1
"31083 Bocaiúva";8;5;1;5;6;1;-;3;2;1;2;1;-;1;-;2;-;-;-;-;-;-;-;-;1;-;-;-;-;1;-;-;1;-;-;-;-;-;-;1;-;-;-;42
".....  FRANCISCO DUMONT";-;2;-;-;1;-;-;-;1;-;-;-;-;-;-;-;-;-;-;-;-;-;-;-;-;-;-;-;-;-;-;-;-;-;-;-;-;-;-;-;-;-;-;4
".....  GUARACIAMA";-;1;-;-;-;-;-;-;-;-;1;-;-;1;-;-;-;-;-;-;-;-;-;-;-;-;-;-;-;1;-;-;-;-;-;-;-;-;-;-;-;-;-;4
".....  BOCAIUVA";8;2;-;5;4;1;-;1;-;-;-;1;-;-;-;2;-;-;-;-;-;-;-;-;-;-;-;-;-;-;-;-;-;-;-;-;-;-;-;-;-;-;-;24
".....  JOAQUIM FELICIO";-;-;-;-;1;-;-;1;1;1;1;-;-;-;-;-;-;-;-;-;-;-;-;-;1;-;-;-;-;-;-;-;-;-;-;-;-;-;-;1;-;-;-;7
".....  OLHOS-D'AGUA";-;-;1;-;-;-;-;1;-;-;-;-;-;-;-;-;-;-;-;-;-;-;-;-;-;-;-;-;-;-;-;-;1;-;-;-;-;-;-;-;-;-;-;3
"31084 Montes Claros";37;43;67;77;78;58;43;78;73;43;61;66;34;51;51;46;33;23;25;25;17;9;11;6;9;8;8;14;4;6;6;2;6;2;3;2;10;6;7;6;7;5;-;1166
".....  GLAUCILANDIA";-;-;-;-;1;-;-;-;-;-;-;-;-;-;-;-;-;-;-;-;-;-;-;-;1;-;-;-;-;-;-;-;-;-;1;-;-;-;-;-;-;-;-;3
".....  MONTES CLAROS";37;43;65;76;73;54;38;74;67;43;58;65;31;50;50;41;32;19;24;25;16;9;10;6;8;8;8;14;4;6;6;2;6;2;2;2;10;6;7;6;7;5;-;1115
".....  CLARO DOS POCOES";-;-;1;-;-;1;-;-;1;-;2;1;-;-;-;-;-;-;-;-;-;-;-;-;-;-;-;-;-;-;-;-;-;-;-;-;-;-;-;-;-;-;-;6
".....  MIRABELA";-;-;1;1;4;3;5;4;5;-;1;-;3;1;1;5;1;4;1;-;1;-;1;-;-;-;-;-;-;-;-;-;-;-;-;-;-;-;-;-;-;-;-;42
"31085 Taiobeiras";-;-;2;3;2;3;4;4;4;11;9;3;3;3;5;8;2;-;2;1;-;-;1;-;-;-;-;-;-;1;-;-;-;-;-;-;1;1;-;-;-;-;-;73
".....  TAIOBEIRAS";-;-;1;3;2;2;3;4;4;9;8;3;3;3;3;5;2;-;1;1;-;-;1;-;-;-;-;-;-;-;-;-;-;-;-;-;-;-;-;-;-;-;-;58
".....  INDAIABIRA";-;-;1;-;-;-;-;-;-;-;-;-;-;-;1;1;-;-;-;-;-;-;-;-;-;-;-;-;-;-;-;-;-;-;-;-;-;-;-;-;-;-;-;3
".....  MONTEZUMA";-;-;-;-;-;-;-;-;-;-;-;-;-;-;-;-;-;-;-;-;-;-;-;-;-;-;-;-;-;-;-;-;-;-;-;-;-;1;-;-;-;-;-;1
".....  SAO JOAO DO PARAISO";-;-;-;-;-;-;1;-;-;-;1;-;-;-;1;1;-;-;1;-;-;-;-;-;-;-;-;-;-;1;-;-;-;-;-;-;-;-;-;-;-;-;-;6
".....  RIO PARDO DE MINAS";-;-;-;-;-;1;-;-;-;-;-;-;-;-;-;1;-;-;-;-;-;-;-;-;-;-;-;-;-;-;-;-;-;-;-;-;-;-;-;-;-;-;-;2
".....  BERIZAL";-;-;-;-;-;-;-;-;-;2;-;-;-;-;-;-;-;-;-;-;-;-;-;-;-;-;-;-;-;-;-;-;-;-;-;-;1;-;-;-;-;-;-;3
"31086 Divinópolis";4;2;5;5;10;13;15;13;20;26;34;27;21;33;53;59;63;65;101;75;98;53;60;45;35;25;33;20;6;3;6;12;1;4;11;6;6;2;6;4;1;-;-;1081
".....  SAO GONCALO DO PARA";1;-;-;1;-;3;-;3;-;-;-;-;-;-;-;1;-;-;-;-;-;-;1;-;-;-;-;-;-;-;-;-;-;-;-;-;-;-;-;-;-;-;-;10
".....  SAO SEBASTIAO DO OESTE";-;-;-;-;-;-;-;-;-;-;1;-;-;-;-;-;-;-;-;-;-;-;-;-;-;-;-;-;-;-;-;-;-;-;-;-;-;-;-;-;-;-;-;1
".....  ARAUJOS";1;-;-;-;-;1;1;-;-;2;-;-;-;-;-;-;-;-;-;-;-;-;-;-;-;-;-;-;-;-;-;-;-;-;-;-;-;-;-;-;-;-;-;5
".....  DIVINOPOLIS";2;2;5;2;4;8;11;7;18;22;32;25;19;32;52;57;63;65;100;74;98;53;58;43;35;25;33;18;6;3;6;12;1;3;11;6;5;2;6;4;1;-;-;1029
".....  CLAUDIO";-;-;-;-;-;-;-;-;-;1;1;2;-;-;-;-;-;-;-;1;-;-;-;-;-;-;-;1;-;-;-;-;-;-;-;-;-;-;-;-;-;-;-;6
".....  PERDIGAO";-;-;-;-;-;-;-;-;-;-;-;-;-;1;-;-;-;-;-;-;-;-;-;-;-;-;-;1;-;-;-;-;-;-;-;-;-;-;-;-;-;-;-;2
".....  CARMO DO CAJURU";-;-;-;2;5;1;3;2;2;-;-;-;2;-;1;1;-;-;1;-;-;-;1;2;-;-;-;-;-;-;-;-;-;1;-;-;1;-;-;-;-;-;-;25
".....  ITAPECERICA";-;-;-;-;1;-;-;1;-;1;-;-;-;-;-;-;-;-;-;-;-;-;-;-;-;-;-;-;-;-;-;-;-;-;-;-;-;-;-;-;-;-;-;3
"31087 Lagoa da Prata/Santo Antônio do Monte";3;14;14;31;29;54;40;74;67;55;69;75;36;25;18;18;11;8;11;14;8;14;14;6;5;4;6;4;13;10;9;6;9;3;3;2;4;1;1;1;-;-;-;789
".....  LAGOA DA PRATA";1;8;11;25;16;38;22;46;41;37;53;49;21;18;11;10;9;7;10;9;6;10;11;1;4;4;4;3;1;1;4;-;3;-;1;1;1;-;-;1;-;-;-;498
".....  SANTO ANTONIO DO MONTE";2;-;1;3;7;14;17;27;21;17;14;20;15;5;2;4;-;-;-;1;-;-;-;1;-;-;-;-;-;-;1;-;-;-;-;-;-;-;-;-;-;-;-;172
".....  JAPARAIBA";-;5;1;2;4;1;-;-;3;-;-;-;-;1;1;-;-;-;-;-;-;-;-;2;-;-;-;-;-;1;-;-;-;-;-;-;-;-;-;-;-;-;-;21
".....  PEDRA DO INDAIA";-;-;1;-;1;1;1;-;-;-;-;3;-;1;1;-;-;-;-;-;-;-;-;-;-;-;-;-;-;-;-;-;-;-;-;-;-;-;-;-;-;-;-;9
".....  ARCOS";-;1;-;1;1;-;-;1;2;1;2;3;-;-;3;4;2;1;1;4;2;4;3;2;1;-;2;1;12;8;4;6;6;3;2;1;3;1;1;-;-;-;-;89
"31088 Oliveira/Santo Antônio do Amparo";-;-;-;1;-;1;1;3;10;3;7;7;11;4;6;13;6;2;2;2;8;2;4;20;1;1;1;-;7;3;-;-;-;1;-;1;1;-;1;-;-;-;-;130
".....  CARMO DA MATA";-;-;-;-;-;-;-;3;2;-;3;-;3;-;-;-;-;-;-;-;-;-;-;-;-;-;-;-;-;-;-;-;-;-;-;1;-;-;-;-;-;-;-;12
".....  OLIVEIRA";-;-;-;1;-;-;-;-;1;1;1;-;1;2;5;6;3;2;2;2;8;2;4;20;1;1;1;-;7;3;-;-;-;-;-;-;1;-;1;-;-;-;-;76
".....  PASSA TEMPO";-;-;-;-;-;1;1;-;7;2;3;6;5;2;1;2;1;-;-;-;-;-;-;-;-;-;-;-;-;-;-;-;-;-;-;-;-;-;-;-;-;-;-;31
".....  SAO FRANCISCO DE PAULA";-;-;-;-;-;-;-;-;-;-;-;1;2;-;-;2;1;-;-;-;-;-;-;-;-;-;-;-;-;-;-;-;-;1;-;-;-;-;-;-;-;-;-;7
".....  CARMOPOLIS DE MINAS";-;-;-;-;-;-;-;-;-;-;-;-;-;-;-;3;1;-;-;-;-;-;-;-;-;-;-;-;-;-;-;-;-;-;-;-;-;-;-;-;-;-;-;4
"31089 Campo Belo";-;-;5;1;1;1;3;6;6;5;8;11;5;8;6;3;4;6;2;12;4;1;5;5;6;6;3;1;-;-;-;-;-;-;-;1;-;-;-;1;-;-;-;126
".....  CAMACHO";-;-;-;-;-;-;-;-;1;-;-;1;-;-;-;-;-;-;-;-;-;-;-;-;-;-;-;-;-;-;-;-;-;-;-;-;-;-;-;-;-;-;-;2
".....  CANDEIAS";-;-;1;-;-;-;-;-;-;-;-;-;-;-;-;-;-;2;-;-;-;-;1;-;-;-;-;-;-;-;-;-;-;-;-;-;-;-;-;-;-;-;-;4
".....  CAMPO BELO";-;-;4;1;1;1;2;6;4;5;8;10;5;8;4;3;4;4;2;12;4;1;4;5;5;6;3;1;-;-;-;-;-;-;-;1;-;-;-;-;-;-;-;114
".....  SANTANA DO JACARE";-;-;-;-;-;-;-;-;-;-;-;-;-;-;-;-;-;-;-;-;-;-;-;-;1;-;-;-;-;-;-;-;-;-;-;-;-;-;-;-;-;-;-;1
".....  CRISTAIS";-;-;-;-;-;-;1;-;-;-;-;-;-;-;2;-;-;-;-;-;-;-;-;-;-;-;-;-;-;-;-;-;-;-;-;-;-;-;-;-;-;-;-;3
".....  AGUANIL";-;-;-;-;-;-;-;-;1;-;-;-;-;-;-;-;-;-;-;-;-;-;-;-;-;-;-;-;-;-;-;-;-;-;-;-;-;-;-;1;-;-;-;2
"31090 Lima Duarte";1;-;-;-;-;-;-;-;1;-;-;-;-;-;-;1;3;-;1;1;-;-;2;1;-;-;-;-;-;-;-;-;-;-;-;-;-;-;-;-;-;-;-;11
".....  PEDRO TEIXEIRA";1;-;-;-;-;-;-;-;-;-;-;-;-;-;-;1;-;-;-;1;-;-;-;-;-;-;-;-;-;-;-;-;-;-;-;-;-;-;-;-;-;-;-;3
".....  PASSA-VINTE";-;-;-;-;-;-;-;-;-;-;-;-;-;-;-;-;1;-;-;-;-;-;-;-;-;-;-;-;-;-;-;-;-;-;-;-;-;-;-;-;-;-;-;1
".....  SANTA BARBARA DO MONTE VERDE";-;-;-;-;-;-;-;-;-;-;-;-;-;-;-;-;1;-;-;-;-;-;-;-;-;-;-;-;-;-;-;-;-;-;-;-;-;-;-;-;-;-;-;1
".....  LIMA DUARTE";-;-;-;-;-;-;-;-;-;-;-;-;-;-;-;-;1;-;1;-;-;-;2;-;-;-;-;-;-;-;-;-;-;-;-;-;-;-;-;-;-;-;-;4
".....  BOM JARDIM DE MINAS";-;-;-;-;-;-;-;-;1;-;-;-;-;-;-;-;-;-;-;-;-;-;-;1;-;-;-;-;-;-;-;-;-;-;-;-;-;-;-;-;-;-;-;2
"31091 Cássia";-;-;-;-;-;-;-;-;-;1;-;-;-;-;-;-;1;-;-;-;-;1;-;-;-;-;-;-;-;-;-;-;-;-;-;-;-;-;-;-;-;-;-;3
".....  CASSIA";-;-;-;-;-;-;-;-;-;-;-;-;-;-;-;-;1;-;-;-;-;-;-;-;-;-;-;-;-;-;-;-;-;-;-;-;-;-;-;-;-;-;-;1
".....  DELFINOPOLIS";-;-;-;-;-;-;-;-;-;1;-;-;-;-;-;-;-;-;-;-;-;-;-;-;-;-;-;-;-;-;-;-;-;-;-;-;-;-;-;-;-;-;-;1
".....  CLARAVAL";-;-;-;-;-;-;-;-;-;-;-;-;-;-;-;-;-;-;-;-;-;1;-;-;-;-;-;-;-;-;-;-;-;-;-;-;-;-;-;-;-;-;-;1
"31092 Passos";-;-;-;-;-;-;-;1;-;-;1;2;-;-;-;2;2;1;1;-;1;1;-;-;-;-;-;-;-;-;-;-;-;-;1;-;-;-;-;-;-;-;-;13
".....  BOM JESUS DA PENHA";-;-;-;-;-;-;-;-;-;-;-;-;-;-;-;-;1;-;-;-;-;1;-;-;-;-;-;-;-;-;-;-;-;-;-;-;-;-;-;-;-;-;-;2
".....  PASSOS";-;-;-;-;-;-;-;-;-;-;1;1;-;-;-;2;1;-;-;-;1;-;-;-;-;-;-;-;-;-;-;-;-;-;1;-;-;-;-;-;-;-;-;7
".....  FORTALEZA DE MINAS";-;-;-;-;-;-;-;1;-;-;-;1;-;-;-;-;-;-;-;-;-;-;-;-;-;-;-;-;-;-;-;-;-;-;-;-;-;-;-;-;-;-;-;2
".....  CARMO DO RIO CLARO";-;-;-;-;-;-;-;-;-;-;-;-;-;-;-;-;-;1;1;-;-;-;-;-;-;-;-;-;-;-;-;-;-;-;-;-;-;-;-;-;-;-;-;2
"31093 Piumhi";-;-;-;-;-;-;2;1;-;-;1;1;-;-;-;-;-;1;2;-;1;1;-;-;-;-;-;-;-;-;-;-;-;1;-;1;-;-;-;1;-;-;-;13
".....  PIUMHI";-;-;-;-;-;-;-;-;-;-;1;-;-;-;-;-;-;-;1;-;-;-;-;-;-;-;-;-;-;-;-;-;-;1;-;1;-;-;-;1;-;-;-;5
".....  SAO ROQUE DE MINAS";-;-;-;-;-;-;-;1;-;-;-;-;-;-;-;-;-;-;-;-;-;-;-;-;-;-;-;-;-;-;-;-;-;-;-;-;-;-;-;-;-;-;-;1
".....  DORESOPOLIS";-;-;-;-;-;-;-;-;-;-;-;1;-;-;-;-;-;1;-;-;-;-;-;-;-;-;-;-;-;-;-;-;-;-;-;-;-;-;-;-;-;-;-;2
".....  VARGEM BONITA";-;-;-;-;-;-;-;-;-;-;-;-;-;-;-;-;-;-;1;-;-;-;-;-;-;-;-;-;-;-;-;-;-;-;-;-;-;-;-;-;-;-;-;1
".....  CAPITOLIO";-;-;-;-;-;-;2;-;-;-;-;-;-;-;-;-;-;-;-;-;1;1;-;-;-;-;-;-;-;-;-;-;-;-;-;-;-;-;-;-;-;-;-;4
"31094 Almenara/Jacinto";1;-;2;3;3;6;7;24;30;23;21;22;9;22;9;10;15;13;22;18;13;3;7;2;2;-;1;-;-;-;-;1;-;3;2;-;-;1;2;-;1;-;-;298
".....  JOAIMA";-;-;-;-;-;1;2;-;-;-;-;-;-;-;-;-;-;-;1;-;-;-;-;-;-;-;-;-;-;-;-;-;-;-;1;-;-;-;-;-;-;-;-;5
".....  RIO DO PRADO";-;-;-;-;-;1;-;-;1;1;-;-;-;-;-;-;-;1;-;1;-;-;-;-;-;-;-;-;-;-;-;-;-;-;-;-;-;-;-;-;-;-;-;5
".....  JEQUITINHONHA";-;-;-;1;-;2;-;9;9;11;8;6;6;9;4;6;9;5;12;8;3;-;7;2;1;-;1;-;-;-;-;-;-;-;-;-;-;-;-;-;-;-;-;119
".....  BANDEIRA";-;-;-;-;-;-;-;-;-;-;-;-;-;-;-;1;-;-;-;-;-;-;-;-;-;-;-;-;-;-;-;-;-;1;-;-;-;-;-;-;-;-;-;2
".....  JACINTO";-;-;-;1;-;1;-;-;1;-;-;1;-;-;-;-;-;-;-;-;-;-;-;-;-;-;-;-;-;-;-;-;-;-;-;-;-;-;-;-;-;-;-;4
".....  RUBIM";-;-;-;-;-;-;-;-;-;-;-;-;-;-;-;-;-;-;-;-;-;1;-;-;-;-;-;-;-;-;-;-;-;-;-;-;-;-;-;-;-;-;-;1
".....  SALTO DA DIVISA";1;-;1;1;2;-;5;13;19;10;11;10;3;12;3;3;6;6;7;9;10;2;-;-;1;-;-;-;-;-;-;1;-;2;1;-;-;1;2;-;1;-;-;143
".....  JORDANIA";-;-;-;-;-;-;-;-;-;-;1;-;-;-;-;-;-;-;-;-;-;-;-;-;-;-;-;-;-;-;-;-;-;-;-;-;-;-;-;-;-;-;-;1
".....  ALMENARA";-;-;-;-;-;1;-;-;-;1;-;-;-;1;1;-;-;-;-;-;-;-;-;-;-;-;-;-;-;-;-;-;-;-;-;-;-;-;-;-;-;-;-;4
".....  FELISBURGO";-;-;-;-;-;-;-;2;-;-;1;-;-;-;-;-;-;-;-;-;-;-;-;-;-;-;-;-;-;-;-;-;-;-;-;-;-;-;-;-;-;-;-;3
".....  MATA VERDE";-;-;1;-;1;-;-;-;-;-;-;5;-;-;1;-;-;1;2;-;-;-;-;-;-;-;-;-;-;-;-;-;-;-;-;-;-;-;-;-;-;-;-;11
"31095 Serro";-;4;3;6;11;9;14;16;18;17;9;9;2;3;2;26;4;2;13;13;1;-;1;-;-;-;-;-;-;-;-;-;-;1;1;-;-;-;-;-;-;-;-;185
".....  CONCEICAO DO MATO DENTRO";-;3;1;5;8;5;14;10;7;17;9;4;1;1;1;1;4;-;-;-;-;-;1;-;-;-;-;-;-;-;-;-;-;1;1;-;-;-;-;-;-;-;-;94
".....  SANTO ANTONIO DO ITAMBE";-;-;-;-;-;1;-;-;-;-;-;-;-;-;-;-;-;-;-;1;-;-;-;-;-;-;-;-;-;-;-;-;-;-;-;-;-;-;-;-;-;-;-;2
".....  SERRA AZUL DE MINAS";-;-;-;-;-;1;-;-;-;-;-;-;-;-;-;-;-;-;-;-;-;-;-;-;-;-;-;-;-;-;-;-;-;-;-;-;-;-;-;-;-;-;-;1
".....  SERRO";-;1;2;1;3;2;-;6;11;-;-;5;1;2;1;25;-;2;13;12;1;-;-;-;-;-;-;-;-;-;-;-;-;-;-;-;-;-;-;-;-;-;-;88
"31096 Itambacuri";1;6;12;16;26;12;18;22;41;52;59;48;49;47;17;20;5;9;6;1;2;5;6;2;-;1;-;-;-;-;-;-;-;-;-;-;-;-;-;-;-;-;-;483
".....  NOVA MODICA";-;-;-;-;-;-;1;-;-;18;28;23;25;23;6;-;-;-;-;-;-;-;-;-;-;-;-;-;-;-;-;-;-;-;-;-;-;-;-;-;-;-;-;124
".....  CAMPANARIO";-;-;-;1;2;1;5;-;10;19;15;14;4;7;2;-;-;2;1;-;-;1;-;1;-;-;-;-;-;-;-;-;-;-;-;-;-;-;-;-;-;-;-;85
".....  ITAMBACURI";1;6;12;15;24;10;11;13;21;9;4;4;7;3;1;1;-;6;4;1;2;3;6;1;-;1;-;-;-;-;-;-;-;-;-;-;-;-;-;-;-;-;-;166
".....  SAO JOSE DO DIVINO";-;-;-;-;-;-;-;-;-;1;4;2;11;11;8;18;3;1;-;-;-;-;-;-;-;-;-;-;-;-;-;-;-;-;-;-;-;-;-;-;-;-;-;59
".....  FREI GASPAR";-;-;-;-;-;1;-;7;8;4;3;1;-;1;-;1;1;-;-;-;-;1;-;-;-;-;-;-;-;-;-;-;-;-;-;-;-;-;-;-;-;-;-;28
".....  PESCADOR";-;-;-;-;-;-;1;2;2;1;5;4;2;2;-;-;1;-;1;-;-;-;-;-;-;-;-;-;-;-;-;-;-;-;-;-;-;-;-;-;-;-;-;21
"31097 Juiz de Fora";4;3;2;6;3;4;-;7;9;5;3;5;7;12;15;12;12;10;4;6;12;6;3;7;9;6;5;2;2;4;1;-;2;3;-;3;1;1;1;-;-;-;-;197
".....  CHACARA";-;-;-;-;-;-;-;-;-;-;-;-;-;2;-;-;-;-;-;-;-;-;-;-;-;-;-;-;-;-;-;-;-;-;-;-;-;-;-;-;-;-;-;2
".....  CORONEL PACHECO";-;-;-;-;-;-;-;-;-;-;-;-;-;-;-;-;-;-;1;-;-;-;-;-;-;-;-;-;-;-;-;-;-;-;-;-;-;-;-;-;-;-;-;1
".....  BELMIRO BRAGA";-;-;-;1;-;-;-;-;-;-;-;-;-;-;1;-;-;-;-;-;-;-;-;-;-;-;-;-;-;-;-;-;-;-;-;-;-;-;-;-;-;-;-;2
".....  JUIZ DE FORA";3;3;-;4;2;4;-;7;4;4;3;5;4;10;13;10;10;9;3;6;12;5;3;7;9;5;5;2;1;4;1;-;2;3;-;3;1;1;1;-;-;-;-;169
".....  SANTANA DO DESERTO";-;-;-;-;-;-;-;-;1;-;-;-;-;-;1;-;-;-;-;-;-;-;-;-;-;-;-;-;-;-;-;-;-;-;-;-;-;-;-;-;-;-;-;2
".....  GOIANA";-;-;-;1;1;-;-;-;-;-;-;-;3;-;-;2;2;1;-;-;-;-;-;-;-;-;-;-;-;-;-;-;-;-;-;-;-;-;-;-;-;-;-;10
".....  SIMAO PEREIRA";-;-;1;-;-;-;-;-;-;-;-;-;-;-;-;-;-;-;-;-;-;-;-;-;-;-;-;-;-;-;-;-;-;-;-;-;-;-;-;-;-;-;-;1
".....  PIAU";-;-;-;-;-;-;-;-;-;-;-;-;-;-;-;-;-;-;-;-;-;-;-;-;-;-;-;-;1;-;-;-;-;-;-;-;-;-;-;-;-;-;-;1
".....  RIO NOVO";-;-;-;-;-;-;-;-;3;-;-;-;-;-;-;-;-;-;-;-;-;-;-;-;-;-;-;-;-;-;-;-;-;-;-;-;-;-;-;-;-;-;-;3
".....  MATIAS BARBOSA";1;-;1;-;-;-;-;-;1;1;-;-;-;-;-;-;-;-;-;-;-;1;-;-;-;1;-;-;-;-;-;-;-;-;-;-;-;-;-;-;-;-;-;6
"31098 Salinas";2;1;6;5;6;3;1;8;1;-;1;2;2;1;4;3;5;1;-;2;-;-;-;1;-;-;-;-;-;-;-;-;-;-;-;-;-;-;-;-;-;-;-;55
".....  PADRE CARVALHO";1;1;1;1;-;1;-;6;1;-;-;-;-;-;1;1;-;-;-;-;-;-;-;-;-;-;-;-;-;-;-;-;-;-;-;-;-;-;-;-;-;-;-;14
".....  FRUTA DE LEITE";1;-;3;1;1;-;-;2;-;-;-;1;1;-;3;1;1;1;-;1;-;-;-;-;-;-;-;-;-;-;-;-;-;-;-;-;-;-;-;-;-;-;-;17
".....  NOVORIZONTE";-;-;-;-;-;-;-;-;-;-;-;-;-;1;-;-;1;-;-;1;-;-;-;-;-;-;-;-;-;-;-;-;-;-;-;-;-;-;-;-;-;-;-;3
".....  SALINAS";-;-;2;3;5;2;1;-;-;-;1;1;1;-;-;1;3;-;-;-;-;-;-;1;-;-;-;-;-;-;-;-;-;-;-;-;-;-;-;-;-;-;-;21
"31099 Teófilo Otoni/Malacacheta";9;7;12;20;38;47;38;58;82;65;87;99;51;49;46;44;36;32;24;28;10;3;7;4;2;4;4;1;3;1;2;-;-;1;-;3;-;1;1;-;-;1;-;920
".....  ANGELANDIA";-;-;-;-;-;-;-;-;-;-;1;-;2;-;-;-;-;-;2;2;2;-;-;-;-;-;-;-;-;-;-;-;-;1;-;-;-;-;-;-;-;-;-;10
".....  MALACACHETA";-;-;1;1;1;-;-;-;1;5;3;2;2;4;4;-;-;-;2;3;1;-;-;1;-;-;-;-;-;-;1;-;-;-;-;-;-;-;-;-;-;-;-;32
".....  POTE";-;-;-;-;-;1;-;1;2;2;1;1;-;-;-;-;-;4;1;-;-;-;-;-;-;-;-;-;-;-;-;-;-;-;-;-;-;-;-;-;-;1;-;14
".....  ATALEIA";-;-;-;-;-;-;-;-;-;-;1;2;-;-;-;1;1;-;1;-;-;-;-;-;-;-;-;-;-;-;-;-;-;-;-;-;-;-;-;-;-;-;-;6
".....  NOVO ORIENTE DE MINAS";3;1;-;5;10;10;3;-;-;-;-;-;-;-;-;-;-;-;-;-;-;-;-;-;-;-;-;-;-;-;-;-;-;-;-;-;-;-;-;-;-;-;-;32
".....  FRANCISCOPOLIS";1;1;2;4;5;7;6;2;1;1;2;5;4;4;-;2;2;-;-;-;-;-;-;-;-;-;-;-;-;-;-;-;-;-;-;-;-;-;-;-;-;-;-;49
".....  NOVO CRUZEIRO";-;-;-;-;-;-;1;1;1;1;7;5;-;-;-;-;-;1;-;-;-;1;-;-;-;-;-;-;-;-;-;-;-;-;-;-;-;1;-;-;-;-;-;19
".....  TEOFILO OTONI";5;5;9;10;22;29;27;54;75;55;72;81;43;40;39;39;33;27;18;23;7;2;7;3;2;4;4;1;3;1;1;-;-;-;-;3;-;-;1;-;-;-;-;745
".....  LADAINHA";-;-;-;-;-;-;-;-;2;1;-;2;-;1;3;2;-;-;-;-;-;-;-;-;-;-;-;-;-;-;-;-;-;-;-;-;-;-;-;-;-;-;-;11
".....  OURO VERDE DE MINAS";-;-;-;-;-;-;1;-;-;-;-;1;-;-;-;-;-;-;-;-;-;-;-;-;-;-;-;-;-;-;-;-;-;-;-;-;-;-;-;-;-;-;-;2
"31100 São Francisco";1;1;19;24;34;17;34;101;100;86;96;36;34;76;66;47;73;20;8;8;3;1;-;-;-;-;-;-;-;-;-;-;-;-;-;-;-;-;-;-;-;-;-;885
".....  SAO ROMAO";-;-;-;-;-;3;1;-;1;2;-;-;-;-;-;-;-;1;-;-;-;-;-;-;-;-;-;-;-;-;-;-;-;-;-;-;-;-;-;-;-;-;-;8
".....  ICARAI DE MINAS";-;-;-;-;2;-;-;1;-;1;1;-;-;-;-;-;-;-;-;-;-;-;-;-;-;-;-;-;-;-;-;-;-;-;-;-;-;-;-;-;-;-;-;5
".....  URUCUIA";-;-;-;-;-;-;-;-;-;-;-;-;-;-;-;-;-;-;-;-;1;-;-;-;-;-;-;-;-;-;-;-;-;-;-;-;-;-;-;-;-;-;-;1
".....  SAO FRANCISCO";1;-;3;7;6;11;7;88;99;82;95;36;34;76;66;47;73;19;8;8;2;1;-;-;-;-;-;-;-;-;-;-;-;-;-;-;-;-;-;-;-;-;-;769
".....  PINTOPOLIS";-;1;16;17;26;3;26;12;-;1;-;-;-;-;-;-;-;-;-;-;-;-;-;-;-;-;-;-;-;-;-;-;-;-;-;-;-;-;-;-;-;-;-;102
"31101 Brasília de Minas";2;7;30;36;60;48;17;10;6;6;11;10;43;21;24;8;3;-;1;-;-;-;3;-;-;-;-;1;-;-;-;-;-;-;1;-;2;1;-;-;-;-;-;351
".....  VARZELANDIA";-;-;4;1;2;-;4;1;1;4;5;1;1;2;2;5;3;-;1;-;-;-;3;-;-;-;-;1;-;-;-;-;-;-;1;-;-;-;-;-;-;-;-;42
".....  LONTRA";-;-;-;1;-;-;-;1;-;1;1;-;-;-;1;-;-;-;-;-;-;-;-;-;-;-;-;-;-;-;-;-;-;-;-;-;-;-;-;-;-;-;-;5
".....  LUISLANDIA";1;5;3;13;32;33;8;2;4;-;3;1;-;-;-;-;-;-;-;-;-;-;-;-;-;-;-;-;-;-;-;-;-;-;-;-;-;-;-;-;-;-;-;105
".....  JAPONVAR";-;1;4;9;17;2;2;1;-;-;-;-;-;-;-;-;-;-;-;-;-;-;-;-;-;-;-;-;-;-;-;-;-;-;-;-;-;-;-;-;-;-;-;36
".....  PATIS";-;-;-;-;-;-;-;-;-;-;-;-;-;-;-;-;-;-;-;-;-;-;-;-;-;-;-;-;-;-;-;-;-;-;-;-;1;-;-;-;-;-;-;1
".....  SAO JOAO DA PONTE";1;-;4;7;5;7;1;5;1;1;2;8;42;19;21;2;-;-;-;-;-;-;-;-;-;-;-;-;-;-;-;-;-;-;-;-;-;1;-;-;-;-;-;127
".....  IBIRACATU";-;-;-;-;-;-;1;-;-;-;-;-;-;-;-;-;-;-;-;-;-;-;-;-;-;-;-;-;-;-;-;-;-;-;-;-;1;-;-;-;-;-;-;2
".....  CAMPO AZUL";-;-;-;-;-;-;-;-;-;-;-;-;-;-;-;1;-;-;-;-;-;-;-;-;-;-;-;-;-;-;-;-;-;-;-;-;-;-;-;-;-;-;-;1
".....  BRASILIA DE MINAS";-;1;15;4;4;4;1;-;-;-;-;-;-;-;-;-;-;-;-;-;-;-;-;-;-;-;-;-;-;-;-;-;-;-;-;-;-;-;-;-;-;-;-;29
".....  UBAI";-;-;-;1;-;2;-;-;-;-;-;-;-;-;-;-;-;-;-;-;-;-;-;-;-;-;-;-;-;-;-;-;-;-;-;-;-;-;-;-;-;-;-;3
"31102 Peçanha/São João Evangelista/Santa Maria do Suaçuí";-;-;-;3;2;2;3;5;4;4;7;7;6;7;5;11;10;3;2;5;5;2;-;2;5;-;-;-;-;-;-;-;-;-;-;-;-;-;-;-;-;-;-;100
".....  PECANHA";-;-;-;2;-;-;1;1;-;-;-;-;-;1;-;-;1;-;-;-;-;-;-;-;-;-;-;-;-;-;-;-;-;-;-;-;-;-;-;-;-;-;-;6
".....  AGUA BOA";-;-;-;-;-;-;-;-;-;-;-;-;-;1;-;-;1;1;2;2;2;-;-;1;1;-;-;-;-;-;-;-;-;-;-;-;-;-;-;-;-;-;-;11
".....  SANTA MARIA DO SUACUI";-;-;-;-;1;1;2;1;3;1;5;4;6;4;4;10;7;2;-;3;2;1;-;1;3;-;-;-;-;-;-;-;-;-;-;-;-;-;-;-;-;-;-;61
".....  SAO SEBASTIAO DO MARANHAO";-;-;-;-;-;-;-;-;-;-;-;-;-;-;-;-;-;-;-;-;1;-;-;-;-;-;-;-;-;-;-;-;-;-;-;-;-;-;-;-;-;-;-;1
".....  PAULISTAS";-;-;-;-;1;-;-;-;-;-;-;-;-;1;-;-;-;-;-;-;-;-;-;-;-;-;-;-;-;-;-;-;-;-;-;-;-;-;-;-;-;-;-;2
".....  SAO JOAO EVANGELISTA";-;-;-;1;-;1;-;2;1;1;2;1;-;-;1;1;1;-;-;-;-;-;-;-;-;-;-;-;-;-;-;-;-;-;-;-;-;-;-;-;-;-;-;12
".....  SAO PEDRO DO SUACUI";-;-;-;-;-;-;-;1;-;-;-;2;-;-;-;-;-;-;-;-;-;-;-;-;-;-;-;-;-;-;-;-;-;-;-;-;-;-;-;-;-;-;-;3
".....  JOSE RAYDAN";-;-;-;-;-;-;-;-;-;1;-;-;-;-;-;-;-;-;-;-;-;-;-;-;1;-;-;-;-;-;-;-;-;-;-;-;-;-;-;-;-;-;-;2
".....  SAO JOSE DO JACURI";-;-;-;-;-;-;-;-;-;1;-;-;-;-;-;-;-;-;-;-;-;1;-;-;-;-;-;-;-;-;-;-;-;-;-;-;-;-;-;-;-;-;-;2
"Total";2956;5386;6713;9408;11526;11791;11008;14668;14991;12457;12659;11566;7499;7757;6773;6386;5275;4592;4757;4340;3566;2328;2453;2513;1432;968;1108;1023;678;488;519;475;266;305;312;248;231;260;267;226;152;108;9;192443
